rank	score	word	letters	syllables	zipf	flags
1	5.86	promote	7	2	4.56	-
2	5.55	para	4	2	3.85	-
3	5.55	porch	5	1	3.85	-
4	5.47	polo	4	2	3.77	-
5	5.13	pharma	6	2	3.43	-
6	5.07	pigment	7	2	3.37	-
7	4.97	polio	5	3	3.27	-
8	4.93	puncture	8	2	3.23	-
9	4.85	putt	4	1	3.15	-
10	4.84	parlour	7	2	3.14	-
11	4.84	primate	7	2	3.14	-
12	4.83	posterior	9	3	3.43	-
13	4.83	psychotic	9	3	3.43	-
14	4.82	physicist	9	3	3.42	-
15	4.74	plugged	7	1	3.44	-
16	4.67	panty	5	2	2.97	-
17	4.64	picky	5	2	3.34	-
18	4.64	poof	4	1	2.94	-
19	4.62	porta	5	2	2.92	-
20	4.53	potable	7	3	2.83	-
21	4.49	perverse	8	2	3.19	-
22	4.48	protease	8	3	2.78	-
23	4.47	proximal	8	3	3.17	-
24	4.47	publicist	9	3	3.07	-
25	4.45	piranha	7	3	2.75	-
26	4.44	preferable	10	3	3.44	-
27	4.42	pygmy	5	2	2.72	-
28	4.36	phage	5	1	2.66	-
29	4.34	prodding	8	2	2.64	-
30	4.34	proviso	7	3	2.64	-
31	4.34	purport	7	2	2.64	-
32	4.33	preclude	8	2	3.03	-
33	4.3	predation	9	3	2.9	-
34	4.3	pushy	5	2	3.0	-
35	4.29	purist	6	2	2.59	-
36	4.28	pressing	8	2	4.08	inflected
37	4.27	peony	5	3	2.57	-
38	4.27	perversion	10	3	2.87	-
39	4.27	plodding	8	2	2.57	-
40	4.26	phenolic	8	3	2.56	-
41	4.26	pointed	7	2	4.46	inflected
42	4.25	proceeds	8	2	4.05	inflected
43	4.24	profess	7	2	2.94	-
44	4.21	pupa	4	2	2.51	-
45	4.18	parfait	7	2	2.48	-
46	4.18	porter	6	2	3.98	inflected
47	4.12	pectin	6	2	2.42	-
48	4.09	pursued	7	2	3.89	inflected
49	4.07	perfusion	9	3	2.67	-
50	4.04	penalize	8	3	2.74	-
51	4.03	pharynx	7	2	2.33	-
52	4.03	postmark	8	2	2.33	-
53	4.02	pinkish	7	2	2.72	-
54	4.0	postulate	9	3	2.6	-
55	4.0	propylene	9	3	2.6	-
56	3.99	patrolman	9	3	2.59	-
57	3.97	penile	6	2	2.67	-
58	3.95	pertussis	9	3	2.55	-
59	3.95	pettiness	9	3	2.55	-
60	3.92	plowman	7	2	2.22	-
61	3.92	pressed	7	1	4.12	inflected
62	3.91	paperboy	8	3	2.21	-
63	3.91	posing	6	2	3.71	inflected
64	3.89	pleat	5	1	2.19	-
65	3.87	pilaf	5	2	2.17	-
66	3.86	parolee	7	3	2.16	-
67	3.86	publicize	9	3	2.86	-
68	3.85	penniless	9	3	2.85	-
69	3.83	peavey	6	2	2.13	-
70	3.8	physically	10	3	4.3	inflected
71	3.8	pineal	6	3	2.5	-
72	3.79	piles	5	1	3.59	inflected
73	3.79	protrude	8	2	2.49	-
74	3.77	pounding	8	2	3.57	inflected
75	3.77	prolactin	9	3	2.37	-
76	3.77	pudgy	5	2	2.47	-
77	3.76	passbook	8	2	2.06	-
78	3.76	promoter	8	3	3.56	inflected
79	3.76	pushup	6	2	2.06	-
80	3.75	proteome	8	3	2.05	-
81	3.73	pompadour	9	3	2.33	-
82	3.69	payola	6	3	1.99	-
83	3.69	plexiglass	10	3	2.29	-
84	3.68	prostrate	9	2	2.68	-
85	3.66	perceived	9	2	4.16	inflected
86	3.64	poplin	6	2	1.94	-
87	3.64	promptly	8	2	3.84	inflected
88	3.62	paving	6	2	3.42	inflected
89	3.62	pigsty	6	2	1.92	-
90	3.62	piping	6	2	3.42	inflected
91	3.61	poking	6	2	3.41	inflected
92	3.61	posed	5	1	3.81	inflected
93	3.59	patroness	9	3	2.19	-
94	3.56	polack	6	2	1.86	-
95	3.56	poorhouse	9	2	2.16	-
96	3.56	privation	9	3	2.16	-
97	3.55	pellagra	8	3	1.85	-
98	3.52	perfecta	8	3	1.82	-
99	3.52	pietism	7	3	1.82	-
100	3.51	printmaker	10	3	2.11	-
101	3.5	piling	6	2	3.3	inflected
102	3.49	pung	4	1	1.79	-
103	3.48	petulance	9	3	2.08	-
104	3.48	prostatic	9	3	2.48	-
105	3.42	pigmy	5	2	1.72	-
106	3.42	prepuce	7	2	1.72	-
107	3.41	pigman	6	2	1.71	-
108	3.4	praising	8	2	3.6	inflected
109	3.37	plosive	7	2	1.67	-
110	3.36	potshot	7	2	1.66	-
111	3.35	poaching	8	2	3.15	inflected
112	3.3	peaceably	9	3	2.3	-
113	3.28	passim	6	2	1.98	-
114	3.26	peacenik	8	2	1.56	-
115	3.26	pierced	7	1	3.46	inflected
116	3.26	preserves	9	2	3.36	inflected
117	3.26	purchaser	9	3	3.36	inflected
118	3.24	parted	6	2	3.44	inflected
119	3.23	portraying	10	3	3.33	inflected
120	3.23	purulent	8	3	1.93	-
121	3.22	patristic	9	3	2.22	-
122	3.22	piloting	8	3	3.02	inflected
123	3.22	presently	9	3	3.72	inflected
124	3.21	peddling	8	2	3.01	inflected
125	3.2	pitting	7	2	3.0	inflected
126	3.19	picker	6	2	2.99	inflected
127	3.18	phrasing	8	2	2.98	inflected
128	3.18	pratfall	8	2	1.48	-
129	3.18	punks	5	1	2.98	inflected
130	3.15	popper	6	2	2.95	inflected
131	3.14	peeled	6	1	3.34	inflected
132	3.14	peristyle	9	3	1.74	-
133	3.13	pusher	6	2	2.93	inflected
134	3.12	passably	8	3	1.82	-
135	3.12	polluted	8	3	3.32	inflected
136	3.09	priming	7	2	2.89	inflected
137	3.07	pegmatite	9	3	1.67	-
138	3.07	pulsing	7	2	2.87	inflected
139	3.05	parodist	8	3	1.35	-
140	3.05	pounder	7	2	2.85	inflected
141	3.05	probative	9	3	2.05	-
142	3.04	privates	8	2	2.84	inflected
143	3.03	potboiler	9	3	1.63	-
144	3.01	pilferage	9	3	1.61	-
145	3.01	protester	9	3	3.11	inflected
146	2.99	pipefish	8	2	1.29	-
147	2.98	pauper	6	2	2.78	inflected
148	2.98	plucked	7	1	3.18	inflected
149	2.97	prothorax	9	3	1.57	-
150	2.96	pengo	5	2	1.26	-
151	2.96	pitted	6	2	3.16	inflected
152	2.94	pinched	7	1	3.14	inflected
153	2.91	potpie	6	2	1.21	-
154	2.91	purvey	6	2	1.61	-
155	2.89	phagocyte	9	3	1.49	-
156	2.88	pleaser	7	2	2.68	inflected
157	2.86	proration	9	3	1.46	-
158	2.83	pons	4	1	2.63	inflected
159	2.83	practised	9	2	3.33	inflected
160	2.83	prickly	7	2	3.03	inflected
161	2.81	phonics	7	2	2.61	inflected
162	2.79	poached	7	1	2.99	inflected
163	2.79	prelims	7	2	2.59	inflected
164	2.78	posthole	8	2	1.08	-
165	2.77	perusing	8	3	2.57	inflected
166	2.76	piddock	7	2	1.06	-
167	2.76	protracted	10	3	3.26	inflected
168	2.75	pussyfoot	9	3	1.75	-
169	2.74	paring	6	2	2.54	inflected
170	2.74	pilotless	9	3	1.74	-
171	2.7	puffed	6	1	2.9	inflected
172	2.69	perverted	9	3	3.19	inflected
173	2.69	princely	8	2	2.89	inflected
174	2.68	peeler	6	2	2.48	inflected
175	2.65	polyphase	9	3	1.65	-
176	2.64	predaceous	10	3	1.64	-
177	2.63	pelting	7	2	2.43	inflected
178	2.59	pectic	6	2	1.29	-
179	2.59	polemics	8	3	2.39	inflected
180	2.58	pondering	9	3	3.08	inflected
181	2.58	pronged	7	1	2.78	inflected
182	2.57	ploughed	8	1	2.77	inflected
183	2.56	protruding	10	3	3.06	inflected
184	2.53	professing	10	3	2.63	inflected
185	2.51	phlogopite	10	3	1.11	-
186	2.48	profusely	9	3	2.98	inflected
187	2.48	punctured	9	2	2.98	inflected
188	2.45	plundered	9	2	2.95	inflected
189	2.44	perfumed	8	2	2.64	inflected
190	2.35	paneled	7	2	2.55	inflected
191	2.33	pillaged	8	2	2.53	inflected
192	2.25	payables	8	3	2.05	inflected
193	2.25	pierre	6	2	3.95	proper-noun
194	2.21	proofed	7	1	2.41	inflected
195	2.2	peeved	6	1	2.4	inflected
196	2.2	persisting	10	3	2.7	inflected
197	2.19	perturbed	9	2	2.69	inflected
198	2.19	powell	6	2	3.89	proper-noun
199	2.14	peopled	7	2	2.34	inflected
200	2.13	pittsburgh	10	2	4.13	proper-noun
201	2.12	pestering	9	3	2.62	inflected
202	2.12	porcupines	10	3	2.22	inflected
203	2.11	papering	8	3	1.91	inflected
204	2.1	proscribed	10	2	2.6	inflected
205	2.08	pitt	4	1	3.78	proper-noun
206	2.06	pooler	6	2	1.86	inflected
207	1.98	pledger	7	2	1.78	inflected
208	1.97	porker	6	2	1.77	inflected
209	1.96	percy	5	2	3.66	proper-noun
210	1.92	pete	4	1	4.12	not-in-dict
211	1.87	perversely	10	3	2.37	inflected
212	1.86	perjurer	8	3	1.66	inflected
213	1.85	princeton	9	2	3.85	proper-noun
214	1.83	paster	6	2	1.63	inflected
215	1.81	pillared	8	2	2.01	inflected
216	1.81	porto	5	2	3.51	proper-noun
217	1.81	pruner	6	2	1.61	inflected
218	1.78	pauline	7	2	3.48	proper-noun
219	1.72	papua	5	3	3.42	proper-noun
220	1.72	prescott	8	2	3.42	proper-noun
221	1.71	paterson	8	3	3.41	proper-noun
222	1.7	petersburg	10	3	3.7	proper-noun
223	1.69	piously	7	3	1.89	inflected
224	1.68	piddling	8	2	1.88	inflected
225	1.68	pleasingly	10	3	2.18	inflected
226	1.66	persia	6	2	3.36	proper-noun
227	1.65	peterson	8	3	3.85	not-in-dict
228	1.64	prima	5	2	3.34	proper-noun
229	1.63	permitted	9	3	4.13	not-in-dict
230	1.61	potomac	7	3	3.31	proper-noun
231	1.58	parisian	8	3	3.28	proper-noun
232	1.58	penalties	9	3	4.08	not-in-dict
233	1.57	presley	7	2	3.27	proper-noun
234	1.56	paulo	5	2	3.76	not-in-dict
235	1.56	prix	4	1	3.76	not-in-dict
236	1.56	prussian	8	2	3.26	proper-noun
237	1.55	patzer	6	2	1.35	inflected
238	1.55	pedro	5	2	3.75	not-in-dict
239	1.54	payne	5	1	3.74	not-in-dict
240	1.53	pearson	7	2	3.73	not-in-dict
241	1.53	polk	4	1	3.23	proper-noun
242	1.47	paine	5	1	3.17	proper-noun
243	1.46	paxton	6	2	3.16	proper-noun
244	1.46	perez	5	2	3.66	not-in-dict
245	1.44	pouter	6	2	1.24	inflected
246	1.43	pisa	4	2	3.13	proper-noun
247	1.43	porte	5	1	3.13	proper-noun
248	1.43	pradesh	7	2	3.63	not-in-dict
249	1.42	pontiac	7	3	3.12	proper-noun
250	1.41	precooked	9	2	1.91	inflected
251	1.4	peshawar	8	3	3.1	proper-noun
252	1.4	primly	6	2	1.6	inflected
253	1.4	pullman	7	2	3.1	proper-noun
254	1.39	pinot	5	2	3.09	proper-noun
255	1.37	pembroke	8	2	3.07	proper-noun
256	1.36	pinstriped	10	2	1.86	inflected
257	1.35	perturbing	10	3	1.85	inflected
258	1.35	phelps	6	1	3.55	not-in-dict
259	1.35	philippe	8	3	3.55	not-in-dict
260	1.34	pdf	3	3	3.84	not-in-dict
261	1.34	provence	8	2	3.04	proper-noun
262	1.34	purcell	7	2	3.04	proper-noun
263	1.33	parrish	7	2	3.03	proper-noun
264	1.32	planck	6	1	3.02	proper-noun
265	1.3	pompey	6	2	3.0	proper-noun
266	1.3	potholed	8	2	1.5	inflected
267	1.3	preexist	8	3	0.0	-
268	1.29	patel	5	2	3.49	not-in-dict
269	1.27	paso	4	2	3.47	not-in-dict
270	1.25	parnell	7	2	2.95	proper-noun
271	1.25	pearce	6	1	3.45	not-in-dict
272	1.25	penang	6	2	2.95	proper-noun
273	1.24	parceling	9	2	1.34	inflected
274	1.22	plano	5	2	2.92	proper-noun
275	1.21	parkinson	9	3	3.21	proper-noun
276	1.21	pcs	3	2	3.71	not-in-dict
277	1.21	prob	4	1	3.41	not-in-dict
278	1.21	pvc	3	3	3.21	proper-noun
279	1.2	porn	4	1	4.5	vulgar
280	1.2	pos	3	1	3.7	not-in-dict
281	1.19	patterson	9	3	3.69	not-in-dict
282	1.19	pickett	7	2	2.89	proper-noun
283	1.18	purdue	6	2	3.38	not-in-dict
284	1.16	pelosi	6	3	3.36	not-in-dict
285	1.16	provo	5	2	2.86	proper-noun
286	1.15	pilate	6	2	2.85	proper-noun
287	1.14	platte	6	1	2.84	proper-noun
288	1.14	plays	5	1	4.84	not-in-dict,inflected
289	1.14	poole	5	1	3.34	not-in-dict
290	1.13	phyllis	7	2	3.33	not-in-dict
291	1.13	potsdam	7	2	2.83	proper-noun
292	1.12	pelham	6	2	2.82	proper-noun
293	1.12	pliny	5	2	2.82	proper-noun
294	1.11	palo	4	2	3.31	not-in-dict
295	1.11	pawnee	6	2	2.81	proper-noun
296	1.11	pga	3	3	3.61	not-in-dict
297	1.11	putnam	6	2	3.31	not-in-dict
298	1.11	pyongyang	9	2	3.11	proper-noun
299	1.1	pasteur	7	2	2.8	proper-noun
300	1.09	palin	5	2	3.29	not-in-dict
301	1.09	ponies	6	2	3.29	not-in-dict
302	1.09	pooh	4	1	3.29	not-in-dict
303	1.08	prem	4	1	3.28	not-in-dict
304	1.08	proust	6	1	2.78	proper-noun
305	1.07	peirce	6	1	2.77	proper-noun
306	1.07	petra	5	2	3.27	not-in-dict
307	1.06	padua	5	3	2.76	proper-noun
308	1.06	paton	5	2	2.76	proper-noun
309	1.03	pussies	7	2	3.23	not-in-dict
310	1.02	prozac	6	2	2.72	proper-noun
311	1.02	pushkin	7	2	2.72	proper-noun
312	1.01	purest	6	2	3.21	not-in-dict
313	1.0	patti	5	2	3.2	not-in-dict
314	1.0	pei	3	1	3.0	proper-noun
315	1.0	platelike	9	2	0.0	-
316	1.0	prearrange	10	3	0.0	-
317	1.0	predestine	10	3	0.0	-
318	1.0	preordain	9	3	0.0	-
319	0.99	paget	5	2	2.69	proper-noun
320	0.99	peta	4	2	3.19	not-in-dict
321	0.99	primaries	9	3	3.49	not-in-dict
322	0.98	pliocene	8	3	2.68	proper-noun
323	0.98	prepping	8	2	3.18	not-in-dict
324	0.98	propelled	9	2	3.48	not-in-dict
325	0.96	pauli	5	2	2.66	proper-noun
326	0.96	permitting	10	3	3.46	not-in-dict
327	0.96	pixar	5	2	3.16	not-in-dict
328	0.95	petersen	8	3	3.15	not-in-dict
329	0.94	pont	4	1	3.14	not-in-dict
330	0.94	pussy	5	2	4.24	vulgar
331	0.93	peugeot	7	2	3.13	not-in-dict
332	0.93	protestors	10	3	3.43	not-in-dict
333	0.91	pavel	5	2	3.11	not-in-dict
334	0.91	pavlov	6	2	2.61	proper-noun
335	0.91	pfizer	6	2	3.11	not-in-dict
336	0.91	plugging	8	2	3.11	not-in-dict
337	0.91	puccini	7	3	2.61	proper-noun
338	0.9	patrice	7	2	3.1	not-in-dict
339	0.9	paulie	6	2	3.1	not-in-dict
340	0.9	payton	6	2	3.1	not-in-dict
341	0.9	pell	4	1	3.1	not-in-dict
342	0.87	piss	4	1	4.17	vulgar
343	0.86	platt	5	1	3.06	not-in-dict
344	0.86	portman	7	2	3.06	not-in-dict
345	0.86	puig	4	1	3.06	not-in-dict
346	0.85	pincus	6	2	2.55	proper-noun
347	0.85	prasad	6	2	3.05	not-in-dict
348	0.85	prius	5	2	3.05	not-in-dict
349	0.85	puebla	6	2	2.55	proper-noun
350	0.84	pentecost	9	3	2.84	proper-noun
351	0.83	paducah	7	3	2.53	proper-noun
352	0.83	parton	6	2	3.03	not-in-dict
353	0.83	pietro	6	3	3.03	not-in-dict
354	0.83	pointe	6	1	3.03	not-in-dict
355	0.83	puts	4	1	4.53	not-in-dict,inflected
356	0.82	panned	6	1	3.02	not-in-dict
357	0.82	pius	4	2	3.02	not-in-dict
358	0.81	parma	5	2	3.01	not-in-dict
359	0.81	paulson	7	2	3.01	not-in-dict
360	0.81	pickford	8	2	2.51	proper-noun
361	0.81	piero	5	2	3.01	not-in-dict
362	0.81	pizarro	7	3	2.51	proper-noun
363	0.81	purposes	8	3	4.51	not-in-dict,inflected
364	0.8	padilla	7	3	3.0	not-in-dict
365	0.8	pierson	7	2	3.0	not-in-dict
366	0.79	prettiest	9	3	3.29	not-in-dict
367	0.78	petri	5	2	2.98	not-in-dict
368	0.78	phnom	5	1	2.98	not-in-dict
369	0.78	puget	5	2	2.98	not-in-dict
370	0.77	petrie	6	2	2.97	not-in-dict
371	0.77	poppins	7	2	2.97	not-in-dict
372	0.75	passes	6	2	4.45	not-in-dict,inflected
373	0.75	penis	5	2	4.05	vulgar
374	0.75	purim	5	2	2.45	proper-noun
375	0.74	pena	4	2	2.94	not-in-dict
376	0.74	petro	5	2	2.94	not-in-dict
377	0.74	phipps	6	1	2.94	not-in-dict
378	0.73	penh	4	1	2.93	not-in-dict
379	0.73	pereira	7	3	2.93	not-in-dict
380	0.73	ponzi	5	2	2.93	not-in-dict
381	0.73	proudest	8	2	2.93	not-in-dict
382	0.73	pugh	4	1	2.93	not-in-dict
383	0.73	punta	5	2	2.93	not-in-dict
384	0.72	peralta	7	3	2.92	not-in-dict
385	0.72	philippi	8	3	2.42	proper-noun
386	0.72	pilsner	7	2	2.42	proper-noun
387	0.72	posey	5	2	2.92	not-in-dict
388	0.71	patterns	8	2	4.41	not-in-dict,inflected
389	0.71	percival	8	3	2.91	not-in-dict
390	0.71	petr	4	2	2.91	not-in-dict
391	0.71	podesta	7	3	2.91	not-in-dict
392	0.71	prepped	7	1	2.91	not-in-dict
393	0.71	presents	8	2	4.41	not-in-dict,inflected
394	0.71	primetime	9	2	3.21	not-in-dict
395	0.7	palais	6	2	2.9	not-in-dict
396	0.7	philipp	7	2	2.9	not-in-dict
397	0.7	philo	5	2	2.9	not-in-dict
398	0.7	procter	7	2	2.9	not-in-dict
399	0.69	phoenician	10	3	2.69	proper-noun
400	0.69	poirot	6	2	2.89	not-in-dict
401	0.69	pomona	6	3	2.89	not-in-dict
402	0.69	poppies	7	2	2.89	not-in-dict
403	0.69	priestley	9	2	2.69	proper-noun
404	0.69	puglia	6	3	2.39	proper-noun
405	0.68	performed	9	2	4.68	not-in-dict,inflected
406	0.68	peron	5	2	2.38	proper-noun
407	0.68	plata	5	2	2.88	not-in-dict
408	0.68	portia	6	2	2.88	not-in-dict
409	0.68	pulaski	7	3	2.88	not-in-dict
410	0.67	paye	4	1	2.37	proper-noun
411	0.67	pepin	5	2	2.37	proper-noun
412	0.67	piaget	6	3	2.37	proper-noun
413	0.67	pritchard	9	2	3.17	not-in-dict
414	0.67	pruitt	6	2	2.87	not-in-dict
415	0.66	parthenon	9	3	2.66	proper-noun
416	0.66	phoebus	7	2	2.36	proper-noun
417	0.66	plummer	7	2	2.86	not-in-dict
418	0.65	pollux	6	2	2.35	proper-noun
419	0.65	ppm	3	3	3.15	not-in-dict
420	0.65	prado	5	2	2.85	not-in-dict
421	0.65	prakash	7	2	2.85	not-in-dict
422	0.64	pathan	6	2	2.34	proper-noun
423	0.64	physio	6	3	2.84	not-in-dict
424	0.64	posner	6	2	2.84	not-in-dict
425	0.64	pryce	5	1	2.84	not-in-dict
426	0.63	periods	7	3	4.33	not-in-dict,inflected
427	0.63	perrin	6	2	2.83	not-in-dict
428	0.63	pomeroy	7	3	2.83	not-in-dict
429	0.63	priam	5	2	2.33	proper-noun
430	0.63	prophecies	10	3	3.13	not-in-dict
431	0.62	poitier	7	2	2.32	proper-noun
432	0.62	priscilla	9	3	3.12	not-in-dict
433	0.62	purdy	5	2	2.82	not-in-dict
434	0.62	puri	4	2	2.82	not-in-dict
435	0.61	penney	6	2	2.81	not-in-dict
436	0.61	pero	4	2	2.81	not-in-dict
437	0.61	plunkett	8	2	2.81	not-in-dict
438	0.61	pompeo	6	3	2.81	not-in-dict
439	0.6	pandey	6	2	2.8	not-in-dict
440	0.6	pao	3	1	3.1	not-in-dict
441	0.6	pease	5	1	2.8	not-in-dict
442	0.6	pendleton	9	3	3.1	not-in-dict
443	0.6	pernod	6	2	2.3	proper-noun
444	0.6	pittsfield	10	2	2.6	proper-noun
445	0.59	poolside	8	2	2.79	not-in-dict
446	0.59	presse	6	1	2.79	not-in-dict
447	0.59	pri	3	1	3.09	not-in-dict
448	0.58	parc	4	1	2.78	not-in-dict
449	0.58	pedersen	8	3	2.78	not-in-dict
450	0.58	philippa	8	3	2.78	not-in-dict
451	0.58	priori	6	3	2.78	not-in-dict
452	0.57	parte	5	1	2.77	not-in-dict
453	0.57	parti	5	2	2.77	not-in-dict
454	0.57	pittman	7	2	2.77	not-in-dict
455	0.57	potemkin	8	3	2.27	proper-noun
456	0.56	paley	5	2	2.76	not-in-dict
457	0.56	parke	5	1	2.76	not-in-dict
458	0.56	poisson	7	2	2.76	not-in-dict
459	0.56	poussin	7	2	2.26	proper-noun
460	0.55	peckham	7	2	2.75	not-in-dict
461	0.55	ponte	5	1	2.75	not-in-dict
462	0.55	preterm	7	2	2.75	not-in-dict
463	0.54	penrose	7	2	2.74	not-in-dict
464	0.54	pinochet	8	3	2.74	not-in-dict
465	0.54	poli	4	2	2.74	not-in-dict
466	0.54	pravda	6	2	2.74	not-in-dict
467	0.53	parthian	8	3	2.23	proper-noun
468	0.53	pere	4	1	2.73	not-in-dict
469	0.52	paulina	7	3	2.72	not-in-dict
470	0.52	phelan	6	2	2.72	not-in-dict
471	0.51	paulsen	7	2	2.71	not-in-dict
472	0.5	parana	6	3	2.2	proper-noun
473	0.5	peary	5	2	2.2	proper-noun
474	0.5	pointing	8	2	4.2	not-in-dict,inflected
475	0.5	pusan	5	2	2.2	proper-noun
476	0.49	pancho	6	2	2.69	not-in-dict
477	0.49	penske	6	2	2.69	not-in-dict
478	0.49	polanski	8	3	2.69	not-in-dict
479	0.49	prentiss	8	2	2.69	not-in-dict
480	0.49	produces	8	3	4.19	not-in-dict,inflected
481	0.49	publix	6	2	2.69	not-in-dict
482	0.48	pasco	5	2	2.68	not-in-dict
483	0.48	pauly	5	2	2.68	not-in-dict
484	0.48	pina	4	2	2.68	not-in-dict
485	0.48	pirelli	7	3	2.68	not-in-dict
486	0.48	pupils	6	2	4.18	not-in-dict,inflected
487	0.47	porky	5	2	2.67	not-in-dict
488	0.47	pullin	6	2	2.67	not-in-dict
489	0.46	parkin	6	2	2.66	not-in-dict
490	0.46	pino	4	2	2.66	not-in-dict
491	0.46	processes	9	3	4.46	not-in-dict,inflected
492	0.45	parra	5	2	2.65	not-in-dict
493	0.45	pascoe	6	2	2.65	not-in-dict
494	0.45	pasquale	8	3	2.65	not-in-dict
495	0.45	pham	4	1	2.65	not-in-dict
496	0.45	pineda	6	3	2.65	not-in-dict
497	0.44	pederson	8	3	2.64	not-in-dict
498	0.44	phan	4	1	2.64	not-in-dict
499	0.43	papier	6	2	2.63	not-in-dict
500	0.43	pattison	8	3	2.63	not-in-dict
501	0.43	peele	5	1	2.63	not-in-dict
502	0.43	pocono	6	3	2.63	not-in-dict
503	0.43	purvis	6	2	2.63	not-in-dict
504	0.43	pusey	5	2	2.13	proper-noun
505	0.42	passaic	7	3	2.62	not-in-dict
506	0.42	pasternak	9	3	2.42	proper-noun
507	0.42	pilots	6	2	4.12	not-in-dict,inflected
508	0.42	pocock	6	2	2.62	not-in-dict
509	0.41	parris	6	2	2.61	not-in-dict
510	0.41	pepsico	7	3	2.61	not-in-dict
511	0.41	plex	4	1	2.61	not-in-dict
512	0.41	primark	7	2	2.61	not-in-dict
513	0.4	paribas	7	3	2.6	not-in-dict
514	0.4	parsons	7	2	3.6	proper-noun,inflected
515	0.4	paterno	7	3	2.6	not-in-dict
516	0.4	patrolled	9	2	2.9	not-in-dict
517	0.4	pemberton	9	3	2.9	not-in-dict
518	0.4	penobscot	9	3	2.4	proper-noun
519	0.4	plessis	7	2	2.6	not-in-dict
520	0.4	plies	5	1	2.6	not-in-dict
521	0.39	pattinson	9	3	2.89	not-in-dict
522	0.39	peake	5	1	2.59	not-in-dict
523	0.39	perlman	7	2	2.59	not-in-dict
524	0.39	perot	5	2	2.59	not-in-dict
525	0.39	picchu	6	2	2.59	not-in-dict
526	0.38	pets	4	1	4.08	not-in-dict,inflected
527	0.38	plautus	7	2	2.08	proper-noun
528	0.38	poco	4	2	2.58	not-in-dict
529	0.38	prints	6	1	4.08	not-in-dict,inflected
530	0.37	palme	5	1	2.57	not-in-dict
531	0.37	parnassus	9	3	2.37	proper-noun
532	0.37	persson	7	2	2.57	not-in-dict
533	0.37	petey	5	2	2.57	not-in-dict
534	0.37	piet	4	1	2.57	not-in-dict
535	0.37	pocus	5	2	2.57	not-in-dict
536	0.36	pelle	5	1	2.56	not-in-dict
537	0.36	pentax	6	2	2.56	not-in-dict
538	0.36	poppa	5	2	2.56	not-in-dict
539	0.35	paulette	8	2	2.55	not-in-dict
540	0.35	paulus	6	2	2.55	not-in-dict
541	0.35	pratap	6	2	2.55	not-in-dict
542	0.35	pura	4	2	2.55	not-in-dict
543	0.34	pegg	4	1	2.54	not-in-dict
544	0.34	pontius	7	3	2.54	not-in-dict
545	0.34	poulenc	7	2	2.04	proper-noun
546	0.34	prophets	8	2	3.54	proper-noun,inflected
547	0.33	phillips	8	2	4.03	not-in-dict,inflected
548	0.33	probst	6	1	2.53	not-in-dict
549	0.32	pinellas	8	3	2.52	not-in-dict
550	0.32	profs	5	1	2.52	not-in-dict
551	0.32	pygmalion	9	3	2.32	proper-noun
552	0.32	pyne	4	1	2.52	not-in-dict
553	0.31	palmdale	8	2	2.51	not-in-dict
554	0.31	pardo	5	2	2.51	not-in-dict
555	0.31	pitied	6	2	2.51	not-in-dict
556	0.31	prokofiev	9	3	2.31	proper-noun
557	0.31	provera	7	3	2.01	proper-noun
558	0.31	pulls	5	1	4.01	not-in-dict,inflected
559	0.3	poirier	7	3	2.5	not-in-dict
560	0.3	popovich	8	3	2.5	not-in-dict
561	0.3	praeger	7	2	2.5	not-in-dict
562	0.3	prick	5	1	3.6	vulgar
563	0.29	pagano	6	3	2.49	not-in-dict
564	0.29	paramore	8	3	2.49	not-in-dict
565	0.29	pigs	4	1	3.99	not-in-dict,inflected
566	0.29	pires	5	1	2.49	not-in-dict
567	0.29	posters	7	2	3.99	not-in-dict,inflected
568	0.29	puente	6	1	2.49	not-in-dict
569	0.28	pattie	6	2	2.48	not-in-dict
570	0.28	payson	6	2	2.48	not-in-dict
571	0.28	pender	6	2	2.48	not-in-dict
572	0.28	perera	6	3	2.48	not-in-dict
573	0.28	pittsburg	9	2	2.78	not-in-dict
574	0.28	plainfield	10	2	2.78	not-in-dict
575	0.28	puckett	7	2	2.48	not-in-dict
576	0.27	peale	5	1	2.47	not-in-dict
577	0.27	peet	4	1	2.47	not-in-dict
578	0.27	penta	5	2	2.47	not-in-dict
579	0.27	pippen	6	2	2.47	not-in-dict
580	0.27	popov	5	2	2.47	not-in-dict
581	0.27	pritzker	8	2	2.47	not-in-dict
582	0.27	pucci	5	2	2.47	not-in-dict
583	0.26	passat	6	2	2.46	not-in-dict
584	0.26	pera	4	2	2.46	not-in-dict
585	0.26	pil	3	1	2.76	not-in-dict
586	0.26	pirie	5	2	2.46	not-in-dict
587	0.26	poss	4	1	2.46	not-in-dict
588	0.25	parrott	7	2	2.45	not-in-dict
589	0.25	perc	4	1	2.45	not-in-dict
590	0.25	perce	5	1	2.45	not-in-dict
591	0.25	petsmart	8	2	2.45	not-in-dict
592	0.25	phoenicia	9	3	2.25	proper-noun
593	0.25	pickwick	8	2	2.45	not-in-dict
594	0.25	pinckney	8	2	2.45	not-in-dict
595	0.25	piraeus	7	3	2.45	not-in-dict
596	0.25	portillo	8	3	2.45	not-in-dict
597	0.25	prophesied	10	3	2.75	not-in-dict
598	0.24	parkman	7	2	2.44	not-in-dict
599	0.24	petronas	8	3	2.44	not-in-dict
600	0.24	philbin	7	2	2.44	not-in-dict
601	0.24	prichard	8	2	2.44	not-in-dict
602	0.24	projective	10	3	2.74	not-in-dict
603	0.24	purina	6	3	2.44	not-in-dict
604	0.23	pansies	7	2	2.43	not-in-dict
605	0.23	pearse	6	1	2.43	not-in-dict
606	0.23	plein	5	1	2.43	not-in-dict
607	0.23	pohl	4	1	2.43	not-in-dict
608	0.22	panetta	7	3	2.42	not-in-dict
609	0.22	pauley	6	2	2.42	not-in-dict
610	0.22	perla	5	2	2.42	not-in-dict
611	0.22	pogue	5	1	2.42	not-in-dict
612	0.22	presale	7	2	2.42	not-in-dict
613	0.22	pret	4	1	2.42	not-in-dict
614	0.21	purnell	7	2	2.41	not-in-dict
615	0.2	partum	6	2	2.4	not-in-dict
616	0.2	pascual	7	3	2.4	not-in-dict
617	0.2	perlis	6	2	1.9	proper-noun
618	0.2	perma	5	2	2.4	not-in-dict
619	0.2	perron	6	2	2.4	not-in-dict
620	0.2	plunker	7	2	0.0	inflected
621	0.2	podolski	8	3	2.4	not-in-dict
622	0.2	posen	5	2	2.4	not-in-dict
623	0.2	putterer	8	3	0.0	inflected
624	0.19	parkside	8	2	2.39	not-in-dict
625	0.19	pascale	7	2	2.39	not-in-dict
626	0.19	pedrosa	7	3	2.39	not-in-dict
627	0.19	peonies	7	3	2.39	not-in-dict
628	0.19	perri	5	2	2.39	not-in-dict
629	0.19	peterman	8	3	2.39	not-in-dict
630	0.19	pfister	7	2	2.39	not-in-dict
631	0.19	pickard	7	2	2.39	not-in-dict
632	0.19	pinkett	7	2	2.39	not-in-dict
633	0.19	platz	5	1	2.39	not-in-dict
634	0.19	polak	5	2	2.39	not-in-dict
635	0.19	prevents	8	2	3.89	not-in-dict,inflected
636	0.19	prieto	6	2	2.39	not-in-dict
637	0.19	punto	5	2	2.39	not-in-dict
638	0.18	paro	4	2	2.38	not-in-dict
639	0.18	patek	5	2	2.38	not-in-dict
640	0.18	pavia	5	3	2.38	not-in-dict
641	0.18	perceval	8	3	2.38	not-in-dict
642	0.18	pergamon	8	3	2.38	not-in-dict
643	0.18	pouty	5	2	2.38	not-in-dict
644	0.18	prashant	8	2	2.38	not-in-dict
645	0.17	padgett	7	2	2.37	not-in-dict
646	0.17	parise	6	2	2.37	not-in-dict
647	0.17	pennell	7	2	2.37	not-in-dict
648	0.16	parried	7	2	2.36	not-in-dict
649	0.16	pella	5	2	2.36	not-in-dict
650	0.16	perelman	8	3	2.36	not-in-dict
651	0.16	poppe	5	1	2.36	not-in-dict
652	0.15	pentland	8	2	2.35	not-in-dict
653	0.15	perrine	7	3	2.35	not-in-dict
654	0.15	phu	3	1	2.65	not-in-dict
655	0.15	picts	5	1	2.35	not-in-dict
656	0.15	piggott	7	2	2.35	not-in-dict
657	0.15	pillsbury	9	3	2.65	not-in-dict
658	0.15	pio	3	2	2.65	not-in-dict
659	0.15	popped	6	1	3.85	not-in-dict,inflected
660	0.15	powertrain	10	2	2.65	not-in-dict
661	0.15	predefined	10	3	2.65	not-in-dict
662	0.15	prowse	6	1	2.35	not-in-dict
663	0.14	picton	6	2	2.34	not-in-dict
664	0.14	pitkin	6	2	2.34	not-in-dict
665	0.14	posada	6	3	2.34	not-in-dict
666	0.14	prager	6	2	2.34	not-in-dict
667	0.14	pygmies	7	2	2.34	not-in-dict
668	0.13	panthers	8	2	3.83	not-in-dict,inflected
669	0.13	paxman	6	2	2.33	not-in-dict
670	0.13	peachtree	9	2	2.63	not-in-dict
671	0.13	pearlman	8	2	2.33	not-in-dict
672	0.13	pekin	5	2	2.33	not-in-dict
673	0.13	philby	6	2	2.33	not-in-dict
674	0.13	pitney	6	2	2.33	not-in-dict
675	0.13	poznan	6	2	2.33	not-in-dict
676	0.12	paramus	7	3	2.32	not-in-dict
677	0.12	pastore	7	2	2.32	not-in-dict
678	0.12	philpott	8	2	2.32	not-in-dict
679	0.12	pilkington	10	3	2.62	not-in-dict
680	0.12	poured	6	1	3.82	not-in-dict,inflected
681	0.12	psalms	6	1	3.32	proper-noun,inflected
682	0.11	pierpont	8	2	2.31	not-in-dict
683	0.11	prout	5	1	2.31	not-in-dict
684	0.1	palomar	7	3	2.3	not-in-dict
685	0.1	pensions	8	2	3.8	not-in-dict,inflected
686	0.1	polanco	7	3	2.3	not-in-dict
687	0.1	pooley	6	2	2.3	not-in-dict
688	0.1	poul	4	1	2.3	not-in-dict
689	0.09	passersby	9	3	2.59	not-in-dict
690	0.09	peltier	7	3	2.29	not-in-dict
691	0.09	pinkney	7	2	2.29	not-in-dict
692	0.09	poses	5	2	3.79	not-in-dict,inflected
693	0.09	poynter	7	2	2.29	not-in-dict
694	0.08	pandya	6	2	2.28	not-in-dict
695	0.08	partido	7	3	2.28	not-in-dict
696	0.08	pettigrew	9	3	2.58	not-in-dict
697	0.08	plimpton	8	2	2.28	not-in-dict
698	0.08	prego	5	2	2.28	not-in-dict
699	0.07	penfield	8	2	2.27	not-in-dict
700	0.07	preorders	9	3	2.57	not-in-dict
701	0.06	parisi	6	3	2.26	not-in-dict
702	0.06	pels	4	1	2.26	not-in-dict
703	0.06	pelton	6	2	2.26	not-in-dict
704	0.06	perkin	6	2	2.26	not-in-dict
705	0.06	plasticine	10	3	2.06	proper-noun
706	0.06	porno	5	2	3.36	vulgar
707	0.06	preordered	10	3	2.56	not-in-dict
708	0.05	paoli	5	2	2.25	not-in-dict
709	0.05	pitino	6	3	2.25	not-in-dict
710	0.05	portnoy	7	2	2.25	not-in-dict
711	0.05	premiums	8	3	3.75	not-in-dict,inflected
712	0.05	protects	8	2	3.75	not-in-dict,inflected
713	0.04	panza	5	2	2.24	not-in-dict
714	0.04	parsifal	8	3	2.24	not-in-dict
715	0.04	pasok	5	2	2.24	not-in-dict
716	0.04	pfeifer	7	2	2.24	not-in-dict
717	0.04	phy	3	1	2.54	not-in-dict
718	0.04	physicians	10	3	4.04	not-in-dict,inflected
719	0.04	playford	8	2	2.24	not-in-dict
720	0.04	poulton	7	2	2.24	not-in-dict
721	0.03	pathak	6	2	2.23	not-in-dict
722	0.03	patuxent	8	3	2.23	not-in-dict
723	0.03	poulsen	7	2	2.23	not-in-dict
724	0.03	pressley	8	2	2.23	not-in-dict
725	0.03	prevost	7	2	2.23	not-in-dict
726	0.03	pritchett	9	2	2.53	not-in-dict
727	0.03	pujol	5	2	2.23	not-in-dict
728	0.02	panik	5	2	2.22	not-in-dict
729	0.02	pawtucket	9	3	2.52	not-in-dict
730	0.02	personae	8	3	2.22	not-in-dict
731	0.02	pervert	7	2	3.32	vulgar
732	0.02	pesci	5	2	2.22	not-in-dict
733	0.02	petry	5	2	2.22	not-in-dict
734	0.02	pfeffer	7	2	2.22	not-in-dict
735	0.02	plumlee	7	2	2.22	not-in-dict
736	0.01	peay	4	1	2.21	not-in-dict
737	0.01	philp	5	1	2.21	not-in-dict
738	0.01	pressler	8	2	2.21	not-in-dict
739	0.01	pudong	6	2	2.21	not-in-dict
740	0.0	parham	6	2	2.2	not-in-dict
741	0.0	pasch	5	1	1.7	proper-noun
742	0.0	paulding	8	2	2.2	not-in-dict
743	0.0	peters	6	2	3.7	not-in-dict,inflected
744	0.0	phar	4	1	2.2	not-in-dict
745	0.0	phinney	7	2	2.2	not-in-dict
746	0.0	prather	7	2	2.2	not-in-dict
747	0.0	prensa	6	2	2.2	not-in-dict
748	0.0	primates	8	2	3.2	proper-noun,inflected
749	0.0	prithvi	7	2	2.2	not-in-dict
750	-0.01	pardee	6	2	2.19	not-in-dict
751	-0.01	peretz	6	2	2.19	not-in-dict
752	-0.01	pollak	6	2	2.19	not-in-dict
753	-0.01	prato	5	2	2.19	not-in-dict
754	-0.01	princes	7	2	3.69	not-in-dict,inflected
755	-0.01	prinz	5	1	2.19	not-in-dict
756	-0.01	pulver	6	2	2.19	not-in-dict
757	-0.02	passages	8	3	3.68	not-in-dict,inflected
758	-0.02	pathe	5	1	2.18	not-in-dict
759	-0.02	pelletier	9	3	2.48	not-in-dict
760	-0.02	perrault	8	2	2.18	not-in-dict
761	-0.02	prostitute	10	3	3.58	vulgar
762	-0.03	paltz	5	1	2.17	not-in-dict
763	-0.03	payless	7	2	2.17	not-in-dict
764	-0.03	petrino	7	3	2.17	not-in-dict
765	-0.03	preece	6	1	2.17	not-in-dict
766	-0.03	prefers	7	2	3.67	not-in-dict,inflected
767	-0.03	proposes	8	3	3.67	not-in-dict,inflected
768	-0.04	paints	6	1	3.66	not-in-dict,inflected
769	-0.04	paquin	6	2	2.16	not-in-dict
770	-0.04	peasants	8	2	3.66	not-in-dict,inflected
771	-0.04	peppers	7	2	3.66	not-in-dict,inflected
772	-0.04	pez	3	1	2.46	not-in-dict
773	-0.04	phaneuf	7	2	2.16	not-in-dict
774	-0.04	popham	6	2	2.16	not-in-dict
775	-0.04	portis	6	2	2.16	not-in-dict
776	-0.04	preble	6	2	2.16	not-in-dict
777	-0.04	prepares	8	2	3.66	not-in-dict,inflected
778	-0.04	previn	6	2	2.16	not-in-dict
779	-0.04	prudhoe	7	2	2.16	not-in-dict
780	-0.05	panky	5	2	2.15	not-in-dict
781	-0.05	pearsall	8	2	2.15	not-in-dict
782	-0.05	pemex	5	2	2.15	not-in-dict
783	-0.05	perkins	7	2	3.65	not-in-dict,inflected
784	-0.05	poulin	6	2	2.15	not-in-dict
785	-0.05	pouliot	7	3	2.15	not-in-dict
786	-0.05	probert	7	2	2.15	not-in-dict
787	-0.05	prostheses	10	3	2.45	not-in-dict
788	-0.06	pathways	8	2	3.64	not-in-dict,inflected
789	-0.06	pavo	4	2	1.64	proper-noun
790	-0.06	phuong	6	2	2.14	not-in-dict
791	-0.06	pigott	6	2	2.14	not-in-dict
792	-0.06	pitches	7	2	3.64	not-in-dict,inflected
793	-0.06	poindexter	10	3	2.44	not-in-dict
794	-0.06	porth	5	1	2.14	not-in-dict
795	-0.07	palumbo	7	3	2.13	not-in-dict
796	-0.07	paperless	9	3	2.43	not-in-dict
797	-0.07	pisano	6	3	2.13	not-in-dict
798	-0.07	placido	7	3	2.13	not-in-dict
799	-0.07	prins	5	1	2.13	not-in-dict
800	-0.07	pugsley	7	2	2.13	not-in-dict
801	-0.08	parfitt	7	2	2.12	not-in-dict
802	-0.08	peeters	7	2	2.12	not-in-dict
803	-0.08	petrarca	8	3	1.62	proper-noun
804	-0.08	phillis	7	2	2.12	not-in-dict
805	-0.08	pillars	7	2	3.62	not-in-dict,inflected
806	-0.08	poch	4	1	2.12	not-in-dict
807	-0.08	porco	5	2	2.12	not-in-dict
808	-0.08	porthos	7	2	2.12	not-in-dict
809	-0.08	pran	4	1	2.12	not-in-dict
810	-0.08	presumed	8	2	3.62	not-in-dict,inflected
811	-0.08	printers	8	2	3.62	not-in-dict,inflected
812	-0.08	professors	10	3	3.92	not-in-dict,inflected
813	-0.09	papp	4	1	2.11	not-in-dict
814	-0.09	penfold	7	2	2.11	not-in-dict
815	-0.09	petrobras	9	3	2.41	not-in-dict
816	-0.09	petrovich	9	3	2.41	not-in-dict
817	-0.09	polito	6	3	2.11	not-in-dict
818	-0.09	poston	6	2	2.11	not-in-dict
819	-0.09	pru	3	1	2.41	not-in-dict
820	-0.09	pryde	5	1	2.11	not-in-dict
821	-0.1	paule	5	1	2.1	not-in-dict
822	-0.1	petrovic	8	3	2.1	not-in-dict
823	-0.1	poore	5	1	2.1	not-in-dict
824	-0.1	poorer	6	2	3.6	not-in-dict,inflected
825	-0.1	popp	4	1	2.1	not-in-dict
826	-0.1	poynton	7	2	2.1	not-in-dict
827	-0.1	pres	4	1	3.6	not-in-dict,inflected
828	-0.11	patmore	7	2	2.09	not-in-dict
829	-0.11	patt	4	1	2.09	not-in-dict
830	-0.11	penton	6	2	2.09	not-in-dict
831	-0.11	perdita	7	3	2.09	not-in-dict
832	-0.11	pilger	6	2	2.09	not-in-dict
833	-0.11	pleasanton	10	3	2.39	not-in-dict
834	-0.11	ponton	6	2	2.09	not-in-dict
835	-0.12	paquette	8	2	2.08	not-in-dict
836	-0.12	passions	8	2	3.58	not-in-dict,inflected
837	-0.12	paynter	7	2	2.08	not-in-dict
838	-0.12	peto	4	2	2.08	not-in-dict
839	-0.12	pfaff	5	1	2.08	not-in-dict
840	-0.12	plympton	8	2	2.08	not-in-dict
841	-0.12	polson	6	2	2.08	not-in-dict
842	-0.12	pomeranz	8	3	2.08	not-in-dict
843	-0.12	publicis	8	3	2.08	not-in-dict
844	-0.13	packham	7	2	2.07	not-in-dict
845	-0.13	paxson	6	2	2.07	not-in-dict
846	-0.13	piatt	5	2	2.07	not-in-dict
847	-0.13	pirro	5	2	2.07	not-in-dict
848	-0.13	pisani	6	3	2.07	not-in-dict
849	-0.13	porcello	8	3	2.07	not-in-dict
850	-0.13	pring	5	1	2.07	not-in-dict
851	-0.13	proceeded	9	3	3.87	not-in-dict,inflected
852	-0.14	panem	5	2	2.06	not-in-dict
853	-0.14	pataki	6	3	2.06	not-in-dict
854	-0.14	peltz	5	1	2.06	not-in-dict
855	-0.14	peretti	7	3	2.06	not-in-dict
856	-0.14	pinta	5	2	2.06	not-in-dict
857	-0.14	pollitt	7	2	2.06	not-in-dict
858	-0.14	prideaux	8	2	2.06	not-in-dict
859	-0.14	pubs	4	1	3.56	not-in-dict,inflected
860	-0.15	parkhurst	9	2	2.35	not-in-dict
861	-0.15	parler	6	2	2.05	not-in-dict
862	-0.15	pelley	6	2	2.05	not-in-dict
863	-0.15	perrot	6	2	2.05	not-in-dict
864	-0.15	perryman	8	3	2.05	not-in-dict
865	-0.15	pettitte	8	2	2.05	not-in-dict
866	-0.15	pinheiro	8	3	2.05	not-in-dict
867	-0.15	planners	8	2	3.55	not-in-dict,inflected
868	-0.15	pouncey	7	2	2.05	not-in-dict
869	-0.15	produc	6	2	2.05	not-in-dict
870	-0.15	purves	6	1	2.05	not-in-dict
871	-0.16	packwood	8	2	2.04	not-in-dict
872	-0.16	parekh	6	2	2.04	not-in-dict
873	-0.16	patinkin	8	3	2.04	not-in-dict
874	-0.16	pearls	6	1	3.54	not-in-dict,inflected
875	-0.16	phyla	5	2	2.04	not-in-dict
876	-0.16	predawn	7	2	2.04	not-in-dict
877	-0.16	prewitt	7	2	2.04	not-in-dict
878	-0.16	pulliam	7	3	2.04	not-in-dict
879	-0.16	putman	6	2	2.04	not-in-dict
880	-0.17	parikh	6	2	2.03	not-in-dict
881	-0.17	perna	5	2	2.03	not-in-dict
882	-0.17	podunk	6	2	2.03	not-in-dict
883	-0.17	proulx	6	1	2.03	not-in-dict
884	-0.18	packets	7	2	3.52	not-in-dict,inflected
885	-0.18	paiva	5	2	2.02	not-in-dict
886	-0.18	panmure	7	2	2.02	not-in-dict
887	-0.18	pettine	7	3	2.02	not-in-dict
888	-0.18	philpot	7	2	2.02	not-in-dict
889	-0.18	piccoli	7	3	2.02	not-in-dict
890	-0.18	politi	6	3	2.02	not-in-dict
891	-0.18	powe	4	1	2.02	not-in-dict
892	-0.18	presses	7	2	3.52	not-in-dict,inflected
893	-0.18	prynne	6	1	2.02	not-in-dict
894	-0.19	parada	6	3	2.01	not-in-dict
895	-0.19	pepi	4	2	2.01	not-in-dict
896	-0.19	perine	6	3	2.01	not-in-dict
897	-0.19	piercy	6	2	2.01	not-in-dict
898	-0.19	piers	5	1	3.51	not-in-dict,inflected
899	-0.19	pinson	6	2	2.01	not-in-dict
900	-0.19	ponti	5	2	2.01	not-in-dict
901	-0.19	popa	4	2	2.01	not-in-dict
902	-0.19	praises	7	2	3.51	not-in-dict,inflected
903	-0.19	pree	4	1	2.01	not-in-dict
904	-0.19	prest	5	1	2.01	not-in-dict
905	-0.19	presti	6	2	2.01	not-in-dict
906	-0.2	paulin	6	2	2.0	not-in-dict
907	-0.2	payette	7	2	2.0	not-in-dict
908	-0.2	perino	6	3	2.0	not-in-dict
909	-0.2	perret	6	2	2.0	not-in-dict
910	-0.2	pini	4	2	2.0	not-in-dict
911	-0.2	plainview	9	2	2.3	not-in-dict
912	-0.2	plotkin	7	2	2.0	not-in-dict
913	-0.2	pollok	6	2	2.0	not-in-dict
914	-0.2	popovic	7	3	2.0	not-in-dict
915	-0.2	poulson	7	2	2.0	not-in-dict
916	-0.2	puth	4	1	2.0	not-in-dict
917	-0.21	perro	5	2	1.99	not-in-dict
918	-0.21	positioned	10	3	3.79	not-in-dict,inflected
919	-0.21	prieta	6	2	1.99	not-in-dict
920	-0.22	pascua	6	3	1.98	not-in-dict
921	-0.22	patchett	8	2	1.98	not-in-dict
922	-0.22	patrols	7	2	3.48	not-in-dict,inflected
923	-0.22	penrod	6	2	1.98	not-in-dict
924	-0.22	pense	5	1	1.98	not-in-dict
925	-0.22	petrels	7	2	1.98	not-in-dict
926	-0.22	piel	4	1	1.98	not-in-dict
927	-0.22	pisses	6	2	3.48	not-in-dict,inflected
928	-0.22	portadown	9	3	2.28	not-in-dict
929	-0.22	promotions	10	3	3.78	not-in-dict,inflected
930	-0.22	prothero	8	3	1.98	not-in-dict
931	-0.23	palest	6	2	1.97	not-in-dict
932	-0.23	parmar	6	2	1.97	not-in-dict
933	-0.23	peachey	7	2	1.97	not-in-dict
934	-0.23	pelikan	7	3	1.97	not-in-dict
935	-0.23	pepcid	6	2	1.47	proper-noun
936	-0.23	performa	8	3	1.97	not-in-dict
937	-0.23	perlmutter	10	3	2.27	not-in-dict
938	-0.23	pettersson	10	3	2.27	not-in-dict
939	-0.23	pharr	5	1	1.97	not-in-dict
940	-0.23	plessy	6	2	1.97	not-in-dict
941	-0.23	plouffe	7	1	1.97	not-in-dict
942	-0.23	plugs	5	1	3.47	not-in-dict,inflected
943	-0.24	paulino	7	3	1.96	not-in-dict
944	-0.24	pavey	5	2	1.96	not-in-dict
945	-0.24	peco	4	2	1.96	not-in-dict
946	-0.24	perlin	6	2	1.96	not-in-dict
947	-0.24	petrucci	8	3	1.96	not-in-dict
948	-0.24	pettus	6	2	1.96	not-in-dict
949	-0.24	pictet	6	2	1.96	not-in-dict
950	-0.24	pinney	6	2	1.96	not-in-dict
951	-0.24	pinsky	6	2	1.96	not-in-dict
952	-0.24	pistols	7	2	3.46	not-in-dict,inflected
953	-0.24	ponds	5	1	3.46	not-in-dict,inflected
954	-0.24	pote	4	1	1.96	not-in-dict
955	-0.24	powis	5	2	1.96	not-in-dict
956	-0.24	privileges	10	3	3.76	not-in-dict,inflected
957	-0.24	protesting	10	3	3.76	not-in-dict,inflected
958	-0.24	protocols	9	3	3.76	not-in-dict,inflected
959	-0.24	prouty	6	2	1.96	not-in-dict
960	-0.24	puls	4	1	1.96	not-in-dict
961	-0.25	pennock	7	2	1.95	not-in-dict
962	-0.25	peroni	6	3	1.95	not-in-dict
963	-0.25	phebe	5	2	1.95	not-in-dict
964	-0.25	pinkham	7	2	1.95	not-in-dict
965	-0.25	pods	4	1	3.45	not-in-dict,inflected
966	-0.25	posco	5	2	1.95	not-in-dict
967	-0.26	paden	5	2	1.94	not-in-dict
968	-0.26	pieper	6	2	1.94	not-in-dict
969	-0.26	pines	5	1	3.44	not-in-dict,inflected
970	-0.26	pitchers	8	2	3.44	not-in-dict,inflected
971	-0.26	pittston	8	2	1.94	not-in-dict
972	-0.26	pospisil	8	3	1.94	not-in-dict
973	-0.26	postponed	9	2	3.74	not-in-dict,inflected
974	-0.26	prokop	6	2	1.94	not-in-dict
975	-0.27	pando	5	2	1.93	not-in-dict
976	-0.27	paull	5	1	1.93	not-in-dict
977	-0.27	pepita	6	3	1.93	not-in-dict
978	-0.27	perrett	7	2	1.93	not-in-dict
979	-0.27	pesce	5	1	1.93	not-in-dict
980	-0.27	phen	4	1	1.93	not-in-dict
981	-0.27	pilatus	7	3	1.93	not-in-dict
982	-0.27	pineau	6	2	1.93	not-in-dict
983	-0.27	pinkston	8	2	1.93	not-in-dict
984	-0.27	polloi	6	2	1.93	not-in-dict
985	-0.27	ponto	5	2	1.93	not-in-dict
986	-0.27	predicts	8	2	3.43	not-in-dict,inflected
987	-0.27	probes	6	1	3.43	not-in-dict,inflected
988	-0.27	puss	4	1	3.03	vulgar
989	-0.28	pannell	7	2	1.92	not-in-dict
990	-0.28	parrett	7	2	1.92	not-in-dict
991	-0.28	peeples	7	2	1.92	not-in-dict
992	-0.28	perignon	8	3	1.92	not-in-dict
993	-0.28	pilon	5	2	1.92	not-in-dict
994	-0.28	pizzo	5	2	1.92	not-in-dict
995	-0.28	popkin	6	2	1.92	not-in-dict
996	-0.28	pozo	4	2	1.92	not-in-dict
997	-0.28	preuss	6	1	1.92	not-in-dict
998	-0.28	prine	5	1	1.92	not-in-dict
999	-0.28	proba	5	2	1.92	not-in-dict
1000	-0.28	prophesies	10	3	2.22	not-in-dict
1001	-0.28	puneet	6	2	1.92	not-in-dict
1002	-0.28	pyatt	5	2	1.92	not-in-dict
1003	-0.29	pelayo	6	3	1.91	not-in-dict
1004	-0.29	pernell	7	2	1.91	not-in-dict
1005	-0.29	pests	5	1	3.41	not-in-dict,inflected
1006	-0.29	peterkin	8	3	1.91	not-in-dict
1007	-0.29	philips	7	2	3.41	not-in-dict,inflected
1008	-0.29	preis	5	1	1.91	not-in-dict
1009	-0.29	presided	8	3	3.41	not-in-dict,inflected
1010	-0.29	priddy	6	2	1.91	not-in-dict
1011	-0.3	palmolive	9	3	2.2	not-in-dict
1012	-0.3	pastrana	8	3	1.9	not-in-dict
1013	-0.3	perea	5	3	1.9	not-in-dict
1014	-0.3	petrillo	8	3	1.9	not-in-dict
1015	-0.3	pgm	3	3	2.2	not-in-dict
1016	-0.3	phillippe	9	2	2.2	not-in-dict
1017	-0.3	platten	7	2	1.9	not-in-dict
1018	-0.3	pohang	6	2	1.9	not-in-dict
1019	-0.3	pulido	6	3	1.9	not-in-dict
1020	-0.3	puppets	7	2	3.4	not-in-dict,inflected
1021	-0.31	parenti	7	3	1.89	not-in-dict
1022	-0.31	parvin	6	2	1.89	not-in-dict
1023	-0.31	pawson	6	2	1.89	not-in-dict
1024	-0.31	perham	6	2	1.89	not-in-dict
1025	-0.31	pimco	5	2	1.89	not-in-dict
1026	-0.31	pimm	4	1	1.89	not-in-dict
1027	-0.31	piro	4	2	1.89	not-in-dict
1028	-0.31	poyser	6	2	1.89	not-in-dict
1029	-0.31	priciest	8	3	1.89	not-in-dict
1030	-0.31	prodi	5	2	1.89	not-in-dict
1031	-0.31	proposing	9	3	3.69	not-in-dict,inflected
1032	-0.31	puskas	6	2	1.89	not-in-dict
1033	-0.32	pae	3	1	2.18	not-in-dict
1034	-0.32	papo	4	2	1.88	not-in-dict
1035	-0.32	pardi	5	2	1.88	not-in-dict
1036	-0.32	pectoris	8	3	1.88	not-in-dict
1037	-0.32	peden	5	2	1.88	not-in-dict
1038	-0.32	peronist	8	3	1.88	not-in-dict
1039	-0.32	plodded	7	2	1.88	not-in-dict
1040	-0.32	prescot	7	2	1.88	not-in-dict
1041	-0.32	pruett	6	1	1.88	not-in-dict
1042	-0.32	pumphrey	8	2	1.88	not-in-dict
1043	-0.33	paglia	6	3	1.87	not-in-dict
1044	-0.33	parkhill	8	2	1.87	not-in-dict
1045	-0.33	parrilla	8	3	1.87	not-in-dict
1046	-0.33	pennzoil	8	2	1.87	not-in-dict
1047	-0.33	perley	6	2	1.87	not-in-dict
1048	-0.33	preached	8	1	3.37	not-in-dict,inflected
1049	-0.33	proofs	6	1	3.37	not-in-dict,inflected
1050	-0.33	pulses	6	2	3.37	not-in-dict,inflected
1051	-0.33	puttnam	7	2	1.87	not-in-dict
1052	-0.34	parag	5	2	1.86	not-in-dict
1053	-0.34	parcels	7	2	3.36	not-in-dict,inflected
1054	-0.34	patz	4	1	1.86	not-in-dict
1055	-0.34	pavlik	6	2	1.86	not-in-dict
1056	-0.34	pegram	6	2	1.86	not-in-dict
1057	-0.34	pellerin	8	3	1.86	not-in-dict
1058	-0.34	piana	5	3	1.86	not-in-dict
1059	-0.34	pigeons	7	2	3.36	not-in-dict,inflected
1060	-0.34	pletcher	8	2	1.86	not-in-dict
1061	-0.34	poleward	8	2	1.86	not-in-dict
1062	-0.34	prejean	7	2	1.86	not-in-dict
1063	-0.35	padron	6	2	1.85	not-in-dict
1064	-0.35	pannu	5	2	1.85	not-in-dict
1065	-0.35	persaud	7	2	1.85	not-in-dict
1066	-0.35	phaseout	8	2	1.85	not-in-dict
1067	-0.35	polgar	6	2	1.85	not-in-dict
1068	-0.35	pownall	7	2	1.85	not-in-dict
1069	-0.35	prebble	7	2	1.85	not-in-dict
1070	-0.35	pursuits	8	2	3.35	not-in-dict,inflected
1071	-0.36	panas	5	2	1.84	not-in-dict
1072	-0.36	pangborn	8	2	1.84	not-in-dict
1073	-0.36	pardy	5	2	1.84	not-in-dict
1074	-0.36	penniman	8	3	1.84	not-in-dict
1075	-0.36	perin	5	2	1.84	not-in-dict
1076	-0.36	pett	4	1	1.84	not-in-dict
1077	-0.36	phillies	8	2	3.34	not-in-dict,inflected
1078	-0.36	pichon	6	2	1.84	not-in-dict
1079	-0.36	pingree	7	2	1.84	not-in-dict
1080	-0.36	pistons	7	2	3.34	not-in-dict,inflected
1081	-0.36	potvin	6	2	1.84	not-in-dict
1082	-0.36	prats	5	1	1.84	not-in-dict
1083	-0.36	punkin	6	2	1.84	not-in-dict
1084	-0.37	paez	4	2	1.83	not-in-dict
1085	-0.37	picken	6	2	1.83	not-in-dict
1086	-0.37	pitchford	9	2	2.13	not-in-dict
1087	-0.37	plowden	7	2	1.83	not-in-dict
1088	-0.37	portrays	8	2	3.33	not-in-dict,inflected
1089	-0.37	potenza	7	3	1.83	not-in-dict
1090	-0.37	povich	6	2	1.83	not-in-dict
1091	-0.37	pozzi	5	2	1.83	not-in-dict
1092	-0.37	previews	8	2	3.33	not-in-dict,inflected
1093	-0.38	parcell	7	2	1.82	not-in-dict
1094	-0.38	parfums	7	2	1.82	not-in-dict
1095	-0.38	parishes	8	3	3.32	not-in-dict,inflected
1096	-0.38	parnes	6	1	1.82	not-in-dict
1097	-0.38	patrie	6	3	1.82	not-in-dict
1098	-0.38	peyser	6	2	1.82	not-in-dict
1099	-0.38	pixley	6	2	1.82	not-in-dict
1100	-0.38	playtex	7	2	1.82	not-in-dict
1101	-0.38	polonsky	8	3	1.82	not-in-dict
1102	-0.38	poulos	6	2	1.82	not-in-dict
1103	-0.38	pretends	8	2	3.32	not-in-dict,inflected
1104	-0.38	prettier	8	3	3.32	not-in-dict,inflected
1105	-0.38	pups	4	1	3.32	not-in-dict,inflected
1106	-0.38	purdie	6	2	1.82	not-in-dict
1107	-0.39	palance	7	2	1.81	not-in-dict
1108	-0.39	pamby	5	2	1.81	not-in-dict
1109	-0.39	pasqua	6	2	1.81	not-in-dict
1110	-0.39	patridge	8	2	1.81	not-in-dict
1111	-0.39	peko	4	2	1.81	not-in-dict
1112	-0.39	perrone	7	3	1.81	not-in-dict
1113	-0.39	persists	8	2	3.31	not-in-dict,inflected
1114	-0.39	pietsch	7	1	1.81	not-in-dict
1115	-0.39	pinault	7	2	1.81	not-in-dict
1116	-0.39	poche	5	1	1.81	not-in-dict
1117	-0.39	polizzi	7	3	1.81	not-in-dict
1118	-0.39	possesses	9	3	3.61	not-in-dict,inflected
1119	-0.39	proffitt	8	2	1.81	not-in-dict
1120	-0.4	pagel	5	2	1.8	not-in-dict
1121	-0.4	parador	7	3	1.8	not-in-dict
1122	-0.4	patrolmen	9	3	2.1	not-in-dict
1123	-0.4	pawley	6	2	1.8	not-in-dict
1124	-0.4	pengelly	8	3	1.8	not-in-dict
1125	-0.4	pereyra	7	3	1.8	not-in-dict
1126	-0.4	phalange	8	2	1.8	not-in-dict
1127	-0.4	portals	7	2	3.3	not-in-dict,inflected
1128	-0.4	premo	5	2	1.8	not-in-dict
1129	-0.4	prickett	8	2	1.8	not-in-dict
1130	-0.4	printz	6	1	1.8	not-in-dict
1131	-0.4	prizm	5	2	1.8	not-in-dict
1132	-0.4	prospekt	8	2	1.8	not-in-dict
1133	-0.4	prust	5	1	1.8	not-in-dict
1134	-0.4	pylos	5	2	1.8	not-in-dict
1135	-0.41	pallett	7	2	1.79	not-in-dict
1136	-0.41	pasek	5	2	1.79	not-in-dict
1137	-0.41	patino	6	3	1.79	not-in-dict
1138	-0.41	persis	6	2	1.79	not-in-dict
1139	-0.41	picoult	7	2	1.79	not-in-dict
1140	-0.41	protested	9	3	3.59	not-in-dict,inflected
1141	-0.42	papineau	8	3	1.78	not-in-dict
1142	-0.42	pask	4	1	1.78	not-in-dict
1143	-0.42	peniston	8	3	1.78	not-in-dict
1144	-0.42	pentothal	9	3	1.58	proper-noun
1145	-0.42	petrelli	8	3	1.78	not-in-dict
1146	-0.42	phileas	7	3	1.78	not-in-dict
1147	-0.42	phoned	6	1	3.28	not-in-dict,inflected
1148	-0.42	polen	5	2	1.78	not-in-dict
1149	-0.42	poteet	6	2	1.78	not-in-dict
1150	-0.42	primm	5	1	1.78	not-in-dict
1151	-0.42	probus	6	2	1.78	not-in-dict
1152	-0.42	purdon	6	2	1.78	not-in-dict
1153	-0.42	purex	5	2	1.78	not-in-dict
1154	-0.43	parallels	9	3	3.57	not-in-dict,inflected
1155	-0.43	pawlak	6	2	1.77	not-in-dict
1156	-0.43	pawling	7	2	1.77	not-in-dict
1157	-0.43	pechora	7	3	1.77	not-in-dict
1158	-0.43	poinsett	8	2	1.77	not-in-dict
1159	-0.43	poley	5	2	1.77	not-in-dict
1160	-0.43	postma	6	2	1.77	not-in-dict
1161	-0.43	proceso	7	3	1.77	not-in-dict
1162	-0.44	pagar	5	2	1.76	not-in-dict
1163	-0.44	pavlich	7	2	1.76	not-in-dict
1164	-0.44	perrigo	7	3	1.76	not-in-dict
1165	-0.44	persky	6	2	1.76	not-in-dict
1166	-0.44	peruzzi	7	3	1.76	not-in-dict
1167	-0.44	pesh	4	1	1.76	not-in-dict
1168	-0.44	petain	6	2	1.76	not-in-dict
1169	-0.44	pinero	6	3	1.76	not-in-dict
1170	-0.44	plessey	7	2	1.76	not-in-dict
1171	-0.44	plott	5	1	1.76	not-in-dict
1172	-0.44	polan	5	2	1.76	not-in-dict
1173	-0.44	polhemus	8	3	1.76	not-in-dict
1174	-0.44	pombo	5	2	1.76	not-in-dict
1175	-0.44	popu	4	2	1.76	not-in-dict
1176	-0.44	porro	5	2	1.76	not-in-dict
1177	-0.44	postel	6	2	1.76	not-in-dict
1178	-0.44	posten	6	2	1.76	not-in-dict
1179	-0.44	preiss	6	1	1.76	not-in-dict
1180	-0.44	pugwash	7	2	1.76	not-in-dict
1181	-0.45	palmira	7	3	1.75	not-in-dict
1182	-0.45	panam	5	2	1.75	not-in-dict
1183	-0.45	paquet	6	2	1.75	not-in-dict
1184	-0.45	patman	6	2	1.75	not-in-dict
1185	-0.45	pech	4	1	1.75	not-in-dict
1186	-0.45	peddie	6	2	1.75	not-in-dict
1187	-0.45	perdomo	7	3	1.75	not-in-dict
1188	-0.45	perreault	9	2	2.05	not-in-dict
1189	-0.45	picon	5	2	1.75	not-in-dict
1190	-0.45	pilla	5	2	1.75	not-in-dict
1191	-0.45	pinkus	6	2	1.75	not-in-dict
1192	-0.45	polansky	8	3	1.75	not-in-dict
1193	-0.45	pounded	7	2	3.25	not-in-dict,inflected
1194	-0.45	preciado	8	3	1.75	not-in-dict
1195	-0.45	precip	6	2	1.75	not-in-dict
1196	-0.45	publishes	9	3	3.55	not-in-dict,inflected
1197	-0.45	pundits	7	2	3.25	not-in-dict,inflected
1198	-0.46	pahl	4	1	1.74	not-in-dict
1199	-0.46	parshall	8	2	1.74	not-in-dict
1200	-0.46	patin	5	2	1.74	not-in-dict
1201	-0.46	perales	7	3	1.74	not-in-dict
1202	-0.46	perched	7	1	3.24	not-in-dict,inflected
1203	-0.46	pettersen	9	3	2.04	not-in-dict
1204	-0.46	pettitt	7	2	1.74	not-in-dict
1205	-0.46	pitre	5	2	1.74	not-in-dict
1206	-0.46	pizzi	5	2	1.74	not-in-dict
1207	-0.46	placemat	8	2	1.74	not-in-dict
1208	-0.46	placentia	9	3	2.04	not-in-dict
1209	-0.46	printemps	9	2	2.04	not-in-dict
1210	-0.47	pantoja	7	3	1.73	not-in-dict
1211	-0.47	parmer	6	2	1.73	not-in-dict
1212	-0.47	partnered	9	2	3.53	not-in-dict,inflected
1213	-0.47	paschall	8	2	1.73	not-in-dict
1214	-0.47	peluso	6	3	1.73	not-in-dict
1215	-0.47	phair	5	1	1.73	not-in-dict
1216	-0.47	pickier	7	3	1.73	not-in-dict
1217	-0.47	plaut	5	1	1.73	not-in-dict
1218	-0.47	polin	5	2	1.73	not-in-dict
1219	-0.47	polytech	8	3	1.73	not-in-dict
1220	-0.47	porras	6	2	1.73	not-in-dict
1221	-0.47	potala	6	3	1.73	not-in-dict
1222	-0.47	powerbook	9	3	2.03	not-in-dict
1223	-0.48	padres	6	2	3.22	not-in-dict,inflected
1224	-0.48	panchen	7	2	1.72	not-in-dict
1225	-0.48	parodi	6	3	1.72	not-in-dict
1226	-0.48	pendry	6	2	1.72	not-in-dict
1227	-0.48	penry	5	2	1.72	not-in-dict
1228	-0.48	perini	6	3	1.72	not-in-dict
1229	-0.48	pilloried	9	3	2.02	not-in-dict
1230	-0.48	postum	6	2	1.22	proper-noun
1231	-0.48	pours	5	1	3.22	not-in-dict,inflected
1232	-0.48	prunty	6	2	1.72	not-in-dict
1233	-0.48	puryear	7	2	1.72	not-in-dict
1234	-0.49	pauses	6	2	3.21	not-in-dict,inflected
1235	-0.49	pearle	6	1	1.71	not-in-dict
1236	-0.49	pecora	6	3	1.71	not-in-dict
1237	-0.49	pedraza	7	3	1.71	not-in-dict
1238	-0.49	phifer	6	2	1.71	not-in-dict
1239	-0.49	phillie	7	2	1.71	not-in-dict
1240	-0.49	pinzon	6	2	1.71	not-in-dict
1241	-0.49	plattner	8	2	1.71	not-in-dict
1242	-0.49	portwood	8	2	1.71	not-in-dict
1243	-0.49	powles	6	2	1.71	not-in-dict
1244	-0.49	presnell	8	2	1.71	not-in-dict
1245	-0.49	prestwich	9	2	2.01	not-in-dict
1246	-0.5	pakula	6	3	1.7	not-in-dict
1247	-0.5	paty	4	2	1.7	not-in-dict
1248	-0.5	pavone	6	2	1.7	not-in-dict
1249	-0.5	payers	6	2	3.2	not-in-dict,inflected
1250	-0.5	petz	4	1	1.7	not-in-dict
1251	-0.5	pollio	6	3	1.7	not-in-dict
1252	-0.5	polygram	8	3	1.7	not-in-dict
1253	-0.5	premarin	8	3	1.7	not-in-dict
1254	-0.5	pressured	9	2	3.5	not-in-dict,inflected
1255	-0.51	pake	4	1	1.69	not-in-dict
1256	-0.51	papin	5	2	1.69	not-in-dict
1257	-0.51	paramo	6	3	1.69	not-in-dict
1258	-0.51	pichler	7	2	1.69	not-in-dict
1259	-0.51	porges	6	2	1.69	not-in-dict
1260	-0.51	pross	5	1	1.69	not-in-dict
1261	-0.51	pumpkins	8	2	3.19	not-in-dict,inflected
1262	-0.52	parmelee	8	3	1.68	not-in-dict
1263	-0.52	pasion	6	2	1.68	not-in-dict
1264	-0.52	peraza	6	3	1.68	not-in-dict
1265	-0.52	piltdown	8	2	1.68	not-in-dict
1266	-0.52	plaques	7	1	3.18	not-in-dict,inflected
1267	-0.52	pless	5	1	1.68	not-in-dict
1268	-0.52	popoff	6	2	1.68	not-in-dict
1269	-0.52	posa	4	2	1.68	not-in-dict
1270	-0.53	parslow	7	2	1.67	not-in-dict
1271	-0.53	patsies	7	2	1.67	not-in-dict
1272	-0.53	peppard	7	2	1.67	not-in-dict
1273	-0.53	perrotta	8	3	1.67	not-in-dict
1274	-0.53	peyman	6	2	1.67	not-in-dict
1275	-0.53	philbert	8	2	1.67	not-in-dict
1276	-0.53	pigg	4	1	1.67	not-in-dict
1277	-0.53	polsky	6	2	1.67	not-in-dict
1278	-0.53	popple	6	2	1.67	not-in-dict
1279	-0.53	principals	10	3	3.47	not-in-dict,inflected
1280	-0.53	proudfoot	9	2	1.97	not-in-dict
1281	-0.53	puglisi	7	3	1.67	not-in-dict
1282	-0.54	pankow	6	2	1.66	not-in-dict
1283	-0.54	pashley	7	2	1.66	not-in-dict
1284	-0.54	patera	6	3	1.66	not-in-dict
1285	-0.54	penland	7	2	1.66	not-in-dict
1286	-0.54	pequeno	7	3	1.66	not-in-dict
1287	-0.54	pieties	7	3	1.66	not-in-dict
1288	-0.54	pleads	6	1	3.16	not-in-dict,inflected
1289	-0.54	poisons	7	2	3.16	not-in-dict,inflected
1290	-0.54	presiding	9	3	3.46	not-in-dict,inflected
1291	-0.54	pulte	5	2	1.66	not-in-dict
1292	-0.55	partlow	7	2	1.65	not-in-dict
1293	-0.55	patco	5	2	1.65	not-in-dict
1294	-0.55	pedalled	8	2	1.65	not-in-dict
1295	-0.55	petrella	8	3	1.65	not-in-dict
1296	-0.55	pharo	5	2	1.65	not-in-dict
1297	-0.55	pitfalls	8	2	3.15	not-in-dict,inflected
1298	-0.55	plaisted	8	2	1.65	not-in-dict
1299	-0.55	plumley	7	2	1.65	not-in-dict
1300	-0.55	pomerantz	9	3	1.95	not-in-dict
1301	-0.55	porritt	7	2	1.65	not-in-dict
1302	-0.55	powders	7	2	3.15	not-in-dict,inflected
1303	-0.55	primed	6	1	3.15	not-in-dict,inflected
1304	-0.55	pussycat	8	3	2.75	vulgar
1305	-0.56	paille	6	1	1.64	not-in-dict
1306	-0.56	parente	7	3	1.64	not-in-dict
1307	-0.56	partee	6	2	1.64	not-in-dict
1308	-0.56	pedley	6	2	1.64	not-in-dict
1309	-0.56	pelfrey	7	2	1.64	not-in-dict
1310	-0.56	perotti	7	3	1.64	not-in-dict
1311	-0.56	persico	7	3	1.64	not-in-dict
1312	-0.56	petrina	7	3	1.64	not-in-dict
1313	-0.56	petroff	7	2	1.64	not-in-dict
1314	-0.56	pickups	7	2	3.14	not-in-dict,inflected
1315	-0.56	pintar	6	2	1.64	not-in-dict
1316	-0.56	pittsford	9	2	1.94	not-in-dict
1317	-0.56	poggi	5	2	1.64	not-in-dict
1318	-0.56	ponied	6	2	1.64	not-in-dict
1319	-0.56	postings	8	2	3.14	not-in-dict,inflected
1320	-0.56	potts	5	1	3.14	not-in-dict,inflected
1321	-0.56	punctate	8	2	1.64	not-in-dict
1322	-0.57	paek	4	1	1.63	not-in-dict
1323	-0.57	pavlovich	9	3	1.93	not-in-dict
1324	-0.57	paxon	5	2	1.63	not-in-dict
1325	-0.57	pentane	7	2	1.63	not-in-dict
1326	-0.57	petitions	9	3	3.43	not-in-dict,inflected
1327	-0.57	pigments	8	2	3.13	not-in-dict,inflected
1328	-0.57	pileggi	7	3	1.63	not-in-dict
1329	-0.57	prete	5	1	1.63	not-in-dict
1330	-0.57	progresses	10	3	3.43	not-in-dict,inflected
1331	-0.58	parkey	6	2	1.62	not-in-dict
1332	-0.58	parmalat	8	3	1.62	not-in-dict
1333	-0.58	partin	6	2	1.62	not-in-dict
1334	-0.58	pauwels	7	2	1.62	not-in-dict
1335	-0.58	pekar	5	2	1.62	not-in-dict
1336	-0.58	petipa	6	3	1.62	not-in-dict
1337	-0.58	piccola	7	3	1.62	not-in-dict
1338	-0.58	pierrepont	10	2	1.92	not-in-dict
1339	-0.58	pierro	6	2	1.62	not-in-dict
1340	-0.58	pokorny	7	3	1.62	not-in-dict
1341	-0.58	pus	3	1	3.02	vulgar
1342	-0.58	puzo	4	2	1.62	not-in-dict
1343	-0.58	pyper	5	2	1.62	not-in-dict
1344	-0.59	panmunjom	9	3	1.91	not-in-dict
1345	-0.59	pardoned	8	2	3.11	not-in-dict,inflected
1346	-0.59	partida	7	3	1.61	not-in-dict
1347	-0.59	pavlovic	8	3	1.61	not-in-dict
1348	-0.59	pember	6	2	1.61	not-in-dict
1349	-0.59	perils	6	2	3.11	not-in-dict,inflected
1350	-0.59	perman	6	2	1.61	not-in-dict
1351	-0.59	perrott	7	2	1.61	not-in-dict
1352	-0.59	poel	4	2	1.61	not-in-dict
1353	-0.59	poth	4	1	1.61	not-in-dict
1354	-0.59	powley	6	2	1.61	not-in-dict
1355	-0.59	premodern	9	3	1.91	not-in-dict
1356	-0.59	prevailed	9	2	3.41	not-in-dict,inflected
1357	-0.59	puccio	6	3	1.61	not-in-dict
1358	-0.6	pearcy	6	2	1.6	not-in-dict
1359	-0.6	peete	5	1	1.6	not-in-dict
1360	-0.6	pestana	7	3	1.6	not-in-dict
1361	-0.6	pindaric	8	3	1.1	proper-noun
1362	-0.6	piscopo	7	3	1.6	not-in-dict
1363	-0.6	podolsky	8	3	1.6	not-in-dict
1364	-0.6	poer	4	2	1.6	not-in-dict
1365	-0.6	poma	4	2	1.6	not-in-dict
1366	-0.6	poovey	6	2	1.6	not-in-dict
1367	-0.6	portelli	8	3	1.6	not-in-dict
1368	-0.6	pressey	7	2	1.6	not-in-dict
1369	-0.6	prognoses	9	3	1.9	not-in-dict
1370	-0.61	pammy	5	2	1.59	not-in-dict
1371	-0.61	panny	5	2	1.59	not-in-dict
1372	-0.61	pardue	6	2	1.59	not-in-dict
1373	-0.61	passero	7	3	1.09	proper-noun
1374	-0.61	patey	5	2	1.59	not-in-dict
1375	-0.61	pedroza	7	3	1.59	not-in-dict
1376	-0.61	petzold	7	2	1.59	not-in-dict
1377	-0.61	planters	8	2	3.09	not-in-dict,inflected
1378	-0.61	prevails	8	2	3.09	not-in-dict,inflected
1379	-0.61	provenza	8	3	1.59	not-in-dict
1380	-0.62	palmeri	7	3	1.58	not-in-dict
1381	-0.62	pearman	7	2	1.58	not-in-dict
1382	-0.62	pepperell	9	3	1.88	not-in-dict
1383	-0.62	perito	6	3	1.58	not-in-dict
1384	-0.62	philibert	9	3	1.88	not-in-dict
1385	-0.62	pinedo	6	3	1.58	not-in-dict
1386	-0.62	popes	5	1	3.08	not-in-dict,inflected
1387	-0.62	positives	9	3	3.38	not-in-dict,inflected
1388	-0.62	prindle	7	2	1.58	not-in-dict
1389	-0.62	procured	8	2	3.08	not-in-dict,inflected
1390	-0.62	pruden	6	2	1.58	not-in-dict
1391	-0.62	puffs	5	1	3.08	not-in-dict,inflected
1392	-0.62	pursues	7	2	3.08	not-in-dict,inflected
1393	-0.63	palmgren	8	2	1.57	not-in-dict
1394	-0.63	pardoe	6	2	1.57	not-in-dict
1395	-0.63	pasley	6	2	1.57	not-in-dict
1396	-0.63	patteson	8	3	1.57	not-in-dict
1397	-0.63	payan	5	2	1.57	not-in-dict
1398	-0.63	pegged	6	1	3.07	not-in-dict,inflected
1399	-0.63	persians	8	2	3.07	not-in-dict,inflected
1400	-0.63	pfau	4	1	1.57	not-in-dict
1401	-0.63	photocall	9	3	1.87	not-in-dict
1402	-0.63	pinnick	7	2	1.57	not-in-dict
1403	-0.63	pohlman	7	2	1.57	not-in-dict
1404	-0.63	pohnpei	7	2	1.57	not-in-dict
1405	-0.63	poletti	7	3	1.57	not-in-dict
1406	-0.63	pozner	6	2	1.57	not-in-dict
1407	-0.63	praxair	7	2	1.57	not-in-dict
1408	-0.63	purses	6	2	3.07	not-in-dict,inflected
1409	-0.64	palen	5	2	1.56	not-in-dict
1410	-0.64	patchen	7	2	1.56	not-in-dict
1411	-0.64	peixoto	7	3	1.56	not-in-dict
1412	-0.64	penza	5	2	1.56	not-in-dict
1413	-0.64	peth	4	1	1.56	not-in-dict
1414	-0.64	pidcock	7	2	1.56	not-in-dict
1415	-0.64	pisoni	6	3	1.56	not-in-dict
1416	-0.64	pittard	7	2	1.56	not-in-dict
1417	-0.64	plass	5	1	1.56	not-in-dict
1418	-0.64	plunging	8	2	3.06	not-in-dict,inflected
1419	-0.64	prew	4	1	1.56	not-in-dict
1420	-0.64	promoters	9	3	3.36	not-in-dict,inflected
1421	-0.65	paulk	5	1	1.55	not-in-dict
1422	-0.65	pesta	5	2	1.55	not-in-dict
1423	-0.65	peterbilt	9	3	1.85	not-in-dict
1424	-0.65	pfleger	7	2	1.55	not-in-dict
1425	-0.65	pinnell	7	2	1.55	not-in-dict
1426	-0.65	plese	5	1	1.55	not-in-dict
1427	-0.65	propp	5	1	1.55	not-in-dict
1428	-0.65	protons	7	2	3.05	not-in-dict,inflected
1429	-0.65	pullum	6	2	1.55	not-in-dict
1430	-0.65	pute	4	1	1.55	not-in-dict
1431	-0.66	palco	5	2	1.54	not-in-dict
1432	-0.66	pastora	7	3	1.54	not-in-dict
1433	-0.66	peery	5	2	1.54	not-in-dict
1434	-0.66	pegues	6	2	1.54	not-in-dict
1435	-0.66	pelz	4	1	1.54	not-in-dict
1436	-0.66	penley	6	2	1.54	not-in-dict
1437	-0.66	perrow	6	2	1.54	not-in-dict
1438	-0.66	persisted	9	3	3.34	not-in-dict,inflected
1439	-0.66	phalen	6	2	1.54	not-in-dict
1440	-0.66	pilley	6	2	1.54	not-in-dict
1441	-0.66	pinard	6	2	1.54	not-in-dict
1442	-0.66	plumbers	8	2	3.04	not-in-dict,inflected
1443	-0.66	popplewell	10	3	1.84	not-in-dict
1444	-0.66	ported	6	2	3.04	not-in-dict,inflected
1445	-0.66	portela	7	3	1.54	not-in-dict
1446	-0.66	portier	7	3	1.54	not-in-dict
1447	-0.66	postle	6	2	1.54	not-in-dict
1448	-0.66	poten	5	2	1.54	not-in-dict
1449	-0.66	prange	6	1	1.54	not-in-dict
1450	-0.66	prattville	10	2	1.84	not-in-dict
1451	-0.66	prieur	6	2	1.54	not-in-dict
1452	-0.66	primeau	7	2	1.54	not-in-dict
1453	-0.66	pritt	5	1	1.54	not-in-dict
1454	-0.66	promos	6	2	3.04	not-in-dict,inflected
1455	-0.66	provine	7	3	1.54	not-in-dict
1456	-0.66	proxmire	8	2	1.54	not-in-dict
1457	-0.67	palafox	7	3	1.53	not-in-dict
1458	-0.67	pathogens	9	3	3.33	not-in-dict,inflected
1459	-0.67	pavese	6	3	1.53	not-in-dict
1460	-0.67	pertains	8	2	3.03	not-in-dict,inflected
1461	-0.67	petrone	7	3	1.53	not-in-dict
1462	-0.67	phillipson	10	3	1.83	not-in-dict
1463	-0.67	phung	5	1	1.53	not-in-dict
1464	-0.67	phut	4	1	1.53	not-in-dict
1465	-0.67	picco	5	2	1.53	not-in-dict
1466	-0.67	piloted	7	3	3.03	not-in-dict,inflected
1467	-0.67	pinching	8	2	3.03	not-in-dict,inflected
1468	-0.67	pistone	7	2	1.53	not-in-dict
1469	-0.67	plemons	7	2	1.53	not-in-dict
1470	-0.67	plett	5	1	1.53	not-in-dict
1471	-0.67	poff	4	1	1.53	not-in-dict
1472	-0.67	poorman	7	2	1.53	not-in-dict
1473	-0.67	prestia	7	2	1.53	not-in-dict
1474	-0.67	pricks	6	1	3.03	not-in-dict,inflected
1475	-0.67	procida	7	3	1.53	not-in-dict
1476	-0.67	profiled	8	2	3.03	not-in-dict,inflected
1477	-0.67	purtell	7	2	1.53	not-in-dict
1478	-0.67	pyron	5	2	1.53	not-in-dict
1479	-0.68	partch	6	1	1.52	not-in-dict
1480	-0.68	patry	5	2	1.52	not-in-dict
1481	-0.68	pavon	5	2	1.52	not-in-dict
1482	-0.68	perfumes	8	2	3.02	not-in-dict,inflected
1483	-0.68	peskin	6	2	1.52	not-in-dict
1484	-0.68	petti	5	2	1.52	not-in-dict
1485	-0.68	philbrick	9	2	1.82	not-in-dict
1486	-0.68	pickel	6	2	1.52	not-in-dict
1487	-0.68	pieri	5	2	1.52	not-in-dict
1488	-0.68	pifer	5	2	1.52	not-in-dict
1489	-0.68	precedes	8	2	3.02	not-in-dict,inflected
1490	-0.68	premiered	9	2	3.32	not-in-dict,inflected
1491	-0.68	princesses	10	3	3.32	not-in-dict,inflected
1492	-0.68	prohaska	8	3	1.52	not-in-dict
1493	-0.68	purdum	6	2	1.52	not-in-dict
1494	-0.69	pancoast	8	2	1.51	not-in-dict
1495	-0.69	parga	5	2	1.51	not-in-dict
1496	-0.69	passman	7	2	1.51	not-in-dict
1497	-0.69	petterson	9	3	1.81	not-in-dict
1498	-0.69	picone	6	2	1.51	not-in-dict
1499	-0.69	plaskett	8	2	1.51	not-in-dict
1500	-0.69	precourt	8	2	1.51	not-in-dict
1501	-0.69	presenters	10	3	3.31	not-in-dict,inflected
1502	-0.69	primakov	8	3	1.51	not-in-dict
1503	-0.69	propst	6	1	1.51	not-in-dict
1504	-0.69	pulford	7	2	1.51	not-in-dict
1505	-0.69	putdown	7	2	1.51	not-in-dict
1506	-0.7	papini	6	3	1.5	not-in-dict
1507	-0.7	parmenter	9	3	1.8	not-in-dict
1508	-0.7	perona	6	3	1.5	not-in-dict
1509	-0.7	pharaon	7	2	1.5	not-in-dict
1510	-0.7	pinsker	7	2	1.5	not-in-dict
1511	-0.7	pizer	5	2	1.5	not-in-dict
1512	-0.7	plaisance	9	2	1.8	not-in-dict
1513	-0.7	poliquin	8	3	1.5	not-in-dict
1514	-0.7	polje	5	2	1.5	not-in-dict
1515	-0.7	presta	6	2	1.5	not-in-dict
1516	-0.71	parchman	8	2	1.49	not-in-dict
1517	-0.71	pasko	5	2	1.49	not-in-dict
1518	-0.71	peering	7	2	2.99	not-in-dict,inflected
1519	-0.71	pianos	6	3	2.99	not-in-dict,inflected
1520	-0.71	pioneered	9	3	3.29	not-in-dict,inflected
1521	-0.71	podhoretz	9	3	1.79	not-in-dict
1522	-0.71	pollutants	10	3	3.29	not-in-dict,inflected
1523	-0.71	poppea	6	3	1.49	not-in-dict
1524	-0.71	porr	4	1	1.49	not-in-dict
1525	-0.71	puga	4	2	1.49	not-in-dict
1526	-0.71	purported	9	3	3.29	not-in-dict,inflected
1527	-0.72	padula	6	3	1.48	not-in-dict
1528	-0.72	peasley	7	2	1.48	not-in-dict
1529	-0.72	penick	6	2	1.48	not-in-dict
1530	-0.72	penises	7	3	2.98	not-in-dict,inflected
1531	-0.72	perella	7	3	1.48	not-in-dict
1532	-0.72	perillo	7	3	1.48	not-in-dict
1533	-0.72	pflueger	8	2	1.48	not-in-dict
1534	-0.72	phasing	7	2	2.98	not-in-dict,inflected
1535	-0.72	pledging	8	2	2.98	not-in-dict,inflected
1536	-0.72	pompa	5	2	1.48	not-in-dict
1537	-0.72	pooled	6	1	2.98	not-in-dict,inflected
1538	-0.72	postcards	9	2	3.28	not-in-dict,inflected
1539	-0.72	preppie	7	2	1.48	not-in-dict
1540	-0.72	prothro	7	2	1.48	not-in-dict
1541	-0.73	padden	6	2	1.47	not-in-dict
1542	-0.73	papillion	9	3	1.77	not-in-dict
1543	-0.73	pattillo	8	3	1.47	not-in-dict
1544	-0.73	pellow	6	2	1.47	not-in-dict
1545	-0.73	perfetti	8	3	1.47	not-in-dict
1546	-0.73	pettway	7	2	1.47	not-in-dict
1547	-0.73	phillipp	8	2	1.47	not-in-dict
1548	-0.73	plums	5	1	2.97	not-in-dict,inflected
1549	-0.73	pooling	7	2	2.97	not-in-dict,inflected
1550	-0.73	pothier	7	3	1.47	not-in-dict
1551	-0.73	prell	5	1	1.47	not-in-dict
1552	-0.73	presson	7	2	1.47	not-in-dict
1553	-0.73	purkey	6	2	1.47	not-in-dict
1554	-0.74	pandolfo	8	3	1.46	not-in-dict
1555	-0.74	pankey	6	2	1.46	not-in-dict
1556	-0.74	pary	4	2	1.46	not-in-dict
1557	-0.74	pataky	6	3	1.46	not-in-dict
1558	-0.74	peapod	6	2	1.46	not-in-dict
1559	-0.74	perfetto	8	3	1.46	not-in-dict
1560	-0.74	perko	5	2	1.46	not-in-dict
1561	-0.74	pfeiffer	8	2	2.96	not-in-dict,inflected
1562	-0.74	philipson	9	3	1.76	not-in-dict
1563	-0.74	phua	4	2	1.46	not-in-dict
1564	-0.74	piped	5	1	2.96	not-in-dict,inflected
1565	-0.74	pretzels	8	2	2.96	not-in-dict,inflected
1566	-0.74	pullan	6	2	1.46	not-in-dict
1567	-0.75	parities	8	3	1.45	not-in-dict
1568	-0.75	pasquini	8	3	1.45	not-in-dict
1569	-0.75	pedowitz	8	3	1.45	not-in-dict
1570	-0.75	petko	5	2	1.45	not-in-dict
1571	-0.75	pfeil	5	1	1.45	not-in-dict
1572	-0.75	pitz	4	1	1.45	not-in-dict
1573	-0.75	platner	7	2	1.45	not-in-dict
1574	-0.75	podell	6	2	1.45	not-in-dict
1575	-0.75	popiel	6	2	1.45	not-in-dict
1576	-0.75	portner	7	2	1.45	not-in-dict
1577	-0.75	powter	6	2	1.45	not-in-dict
1578	-0.75	premieres	9	2	3.25	not-in-dict,inflected
1579	-0.75	priebe	6	1	1.45	not-in-dict
1580	-0.75	punit	5	2	1.45	not-in-dict
1581	-0.76	palmore	7	2	1.44	not-in-dict
1582	-0.76	pelka	5	2	1.44	not-in-dict
1583	-0.76	pentz	5	1	1.44	not-in-dict
1584	-0.76	perra	5	2	1.44	not-in-dict
1585	-0.76	petrich	7	2	1.44	not-in-dict
1586	-0.76	petrides	8	2	1.44	not-in-dict
1587	-0.76	pezzullo	8	3	1.44	not-in-dict
1588	-0.76	pilat	5	2	1.44	not-in-dict
1589	-0.76	pillard	7	2	1.44	not-in-dict
1590	-0.76	poncet	6	2	1.44	not-in-dict
1591	-0.76	proscar	7	2	1.44	not-in-dict
1592	-0.77	pantano	7	3	1.43	not-in-dict
1593	-0.77	pelaez	6	3	1.43	not-in-dict
1594	-0.77	pesch	5	1	1.43	not-in-dict
1595	-0.77	petermann	9	3	1.73	not-in-dict
1596	-0.77	pettie	6	2	1.43	not-in-dict
1597	-0.77	peverell	8	3	1.43	not-in-dict
1598	-0.77	pimples	7	2	2.93	not-in-dict,inflected
1599	-0.77	pindell	7	2	1.43	not-in-dict
1600	-0.77	pinelli	7	3	1.43	not-in-dict
1601	-0.77	pips	4	1	2.93	not-in-dict,inflected
1602	-0.77	plog	4	1	1.43	not-in-dict
1603	-0.77	polster	7	2	1.43	not-in-dict
1604	-0.77	porters	7	2	2.93	not-in-dict,inflected
1605	-0.77	potholes	8	2	2.93	not-in-dict,inflected
1606	-0.77	precht	6	1	1.43	not-in-dict
1607	-0.77	pursell	7	2	1.43	not-in-dict
1608	-0.78	pardons	7	2	2.92	not-in-dict,inflected
1609	-0.78	parlin	6	2	1.42	not-in-dict
1610	-0.78	pazos	5	2	1.42	not-in-dict
1611	-0.78	peirson	7	2	1.42	not-in-dict
1612	-0.78	piontek	7	3	1.42	not-in-dict
1613	-0.78	plumes	6	1	2.92	not-in-dict,inflected
1614	-0.78	plyler	6	2	1.42	not-in-dict
1615	-0.78	pokes	5	1	2.92	not-in-dict,inflected
1616	-0.78	porcaro	7	3	1.42	not-in-dict
1617	-0.78	preval	6	2	1.42	not-in-dict
1618	-0.78	prijedor	8	3	1.42	not-in-dict
1619	-0.79	palmero	7	3	1.41	not-in-dict
1620	-0.79	parenteau	9	3	1.71	not-in-dict
1621	-0.79	patting	7	2	2.91	not-in-dict,inflected
1622	-0.79	phibbs	6	1	1.41	not-in-dict
1623	-0.79	pirtle	6	2	1.41	not-in-dict
1624	-0.79	pommer	6	2	1.41	not-in-dict
1625	-0.79	potocki	7	3	1.41	not-in-dict
1626	-0.79	poyer	5	2	1.41	not-in-dict
1627	-0.79	presby	6	2	1.41	not-in-dict
1628	-0.79	prien	5	1	1.41	not-in-dict
1629	-0.79	priore	6	3	1.41	not-in-dict
1630	-0.79	prisco	6	2	1.41	not-in-dict
1631	-0.79	prosperi	8	3	1.41	not-in-dict
1632	-0.79	prunier	7	3	1.41	not-in-dict
1633	-0.79	psyched	7	1	2.91	not-in-dict,inflected
1634	-0.79	puddles	7	2	2.91	not-in-dict,inflected
1635	-0.79	puhl	4	1	1.41	not-in-dict
1636	-0.8	papon	5	2	1.4	not-in-dict
1637	-0.8	pascucci	8	3	1.4	not-in-dict
1638	-0.8	patrone	7	3	1.4	not-in-dict
1639	-0.8	patties	7	2	2.9	not-in-dict,inflected
1640	-0.8	pavao	5	2	1.4	not-in-dict
1641	-0.8	pelon	5	2	1.4	not-in-dict
1642	-0.8	pernice	7	2	1.4	not-in-dict
1643	-0.8	petrick	7	2	1.4	not-in-dict
1644	-0.8	pistor	6	2	1.4	not-in-dict
1645	-0.8	pittenger	9	3	1.7	not-in-dict
1646	-0.8	pouches	7	2	2.9	not-in-dict,inflected
1647	-0.81	paddles	7	2	2.89	not-in-dict,inflected
1648	-0.81	panes	5	1	2.89	not-in-dict,inflected
1649	-0.81	pathmark	8	2	1.39	not-in-dict
1650	-0.81	pavelka	7	3	1.39	not-in-dict
1651	-0.81	pecha	5	2	1.39	not-in-dict
1652	-0.81	pennisi	7	3	1.39	not-in-dict
1653	-0.81	penson	6	2	1.39	not-in-dict
1654	-0.81	petrini	7	3	1.39	not-in-dict
1655	-0.81	pitts	5	1	2.89	not-in-dict,inflected
1656	-0.81	plitt	5	1	1.39	not-in-dict
1657	-0.81	poythress	9	2	1.69	not-in-dict
1658	-0.81	preaches	8	2	2.89	not-in-dict,inflected
1659	-0.81	profited	8	3	2.89	not-in-dict,inflected
1660	-0.81	purdom	6	2	1.39	not-in-dict
1661	-0.82	patchell	8	2	1.38	not-in-dict
1662	-0.82	pawtuxet	8	3	1.38	not-in-dict
1663	-0.82	pecking	7	2	2.88	not-in-dict,inflected
1664	-0.82	pickney	7	2	1.38	not-in-dict
1665	-0.82	pilz	4	1	1.38	not-in-dict
1666	-0.82	polachek	8	3	1.38	not-in-dict
1667	-0.82	pratte	6	1	1.38	not-in-dict
1668	-0.82	prides	6	1	2.88	not-in-dict,inflected
1669	-0.82	primack	7	2	1.38	not-in-dict
1670	-0.82	probed	6	1	2.88	not-in-dict,inflected
1671	-0.82	ptacek	6	2	1.38	not-in-dict
1672	-0.82	pupo	4	2	1.38	not-in-dict
1673	-0.82	purinton	8	3	1.38	not-in-dict
1674	-0.83	papale	6	3	1.37	not-in-dict
1675	-0.83	parizeau	8	3	1.37	not-in-dict
1676	-0.83	phippen	7	2	1.37	not-in-dict
1677	-0.83	pineiro	7	3	1.37	not-in-dict
1678	-0.83	plax	4	1	1.37	not-in-dict
1679	-0.83	pollini	7	3	1.37	not-in-dict
1680	-0.83	predates	8	2	2.87	not-in-dict,inflected
1681	-0.83	pressel	7	2	1.37	not-in-dict
1682	-0.83	prisk	5	1	1.37	not-in-dict
1683	-0.84	pacs	4	1	2.86	not-in-dict,inflected
1684	-0.84	palomo	6	3	1.36	not-in-dict
1685	-0.84	pars	4	1	2.86	not-in-dict,inflected
1686	-0.84	pasztor	7	2	1.36	not-in-dict
1687	-0.84	peiser	6	2	1.36	not-in-dict
1688	-0.84	pereda	6	3	1.36	not-in-dict
1689	-0.84	pesek	5	2	1.36	not-in-dict
1690	-0.84	pihl	4	1	1.36	not-in-dict
1691	-0.84	pimps	5	1	2.86	not-in-dict,inflected
1692	-0.84	plotnick	8	2	1.36	not-in-dict
1693	-0.84	plucking	8	2	2.86	not-in-dict,inflected
1694	-0.84	pollet	6	2	1.36	not-in-dict
1695	-0.84	posch	5	1	1.36	not-in-dict
1696	-0.84	powergen	8	3	1.36	not-in-dict
1697	-0.84	proms	5	1	2.86	not-in-dict,inflected
1698	-0.84	pulsifer	8	3	1.36	not-in-dict
1699	-0.85	pallo	5	2	1.35	not-in-dict
1700	-0.85	paraded	7	3	2.85	not-in-dict,inflected
1701	-0.85	passers	7	2	2.85	not-in-dict,inflected
1702	-0.85	peaslee	7	2	1.35	not-in-dict
1703	-0.85	pepple	6	2	1.35	not-in-dict
1704	-0.85	picha	5	2	1.35	not-in-dict
1705	-0.85	poppen	6	2	1.35	not-in-dict
1706	-0.85	potters	7	2	2.85	not-in-dict,inflected
1707	-0.85	poundstone	10	2	1.65	not-in-dict
1708	-0.85	prairies	8	2	2.85	not-in-dict,inflected
1709	-0.85	priolo	6	3	1.35	not-in-dict
1710	-0.85	protectors	10	3	3.15	not-in-dict,inflected
1711	-0.85	pruyn	5	1	1.35	not-in-dict
1712	-0.86	padley	6	2	1.34	not-in-dict
1713	-0.86	passey	6	2	1.34	not-in-dict
1714	-0.86	peffer	6	2	1.34	not-in-dict
1715	-0.86	peguero	7	3	1.34	not-in-dict
1716	-0.86	perlstein	9	2	1.64	not-in-dict
1717	-0.86	perverts	8	2	2.84	not-in-dict,inflected
1718	-0.86	picnics	7	2	2.84	not-in-dict,inflected
1719	-0.86	pilato	6	3	1.34	not-in-dict
1720	-0.86	pittsboro	9	3	1.64	not-in-dict
1721	-0.86	portlock	8	2	1.34	not-in-dict
1722	-0.86	potthast	8	2	1.34	not-in-dict
1723	-0.86	prettyman	9	3	1.64	not-in-dict
1724	-0.86	pruss	5	1	1.34	not-in-dict
1725	-0.86	pulsed	6	1	2.84	not-in-dict,inflected
1726	-0.87	pagemaker	9	3	1.63	not-in-dict
1727	-0.87	panico	6	3	1.33	not-in-dict
1728	-0.87	pantex	6	2	1.33	not-in-dict
1729	-0.87	peleton	7	3	1.33	not-in-dict
1730	-0.87	perreira	8	3	1.33	not-in-dict
1731	-0.87	perren	6	2	1.33	not-in-dict
1732	-0.87	pflug	5	1	1.33	not-in-dict
1733	-0.87	pickers	7	2	2.83	not-in-dict,inflected
1734	-0.87	piette	6	1	1.33	not-in-dict
1735	-0.87	pressuring	10	3	3.13	not-in-dict,inflected
1736	-0.87	punishes	8	3	2.83	not-in-dict,inflected
1737	-0.88	palombo	7	3	1.32	not-in-dict
1738	-0.88	pecci	5	2	1.32	not-in-dict
1739	-0.88	peloquin	8	3	1.32	not-in-dict
1740	-0.88	peres	5	2	2.82	not-in-dict,inflected
1741	-0.88	pers	4	1	2.82	not-in-dict,inflected
1742	-0.88	petie	5	2	1.32	not-in-dict
1743	-0.88	petrilli	8	3	1.32	not-in-dict
1744	-0.88	petrossian	10	3	1.62	not-in-dict
1745	-0.88	pickrell	8	2	1.32	not-in-dict
1746	-0.88	piech	5	1	1.32	not-in-dict
1747	-0.88	poage	5	2	1.32	not-in-dict
1748	-0.88	pohlmann	8	2	1.32	not-in-dict
1749	-0.88	prall	5	1	1.32	not-in-dict
1750	-0.88	pridgen	7	2	1.32	not-in-dict
1751	-0.88	privett	7	2	1.32	not-in-dict
1752	-0.88	professed	9	2	3.12	not-in-dict,inflected
1753	-0.88	pursley	7	2	1.32	not-in-dict
1754	-0.89	pacto	5	2	1.31	not-in-dict
1755	-0.89	panics	6	2	2.81	not-in-dict,inflected
1756	-0.89	pannone	7	3	1.31	not-in-dict
1757	-0.89	papke	5	1	1.31	not-in-dict
1758	-0.89	partisans	9	3	3.11	not-in-dict,inflected
1759	-0.89	pauling	7	2	2.31	proper-noun,inflected
1760	-0.89	pawlowski	9	3	1.61	not-in-dict
1761	-0.89	peens	5	1	1.31	not-in-dict
1762	-0.89	piche	5	1	1.31	not-in-dict
1763	-0.89	pikul	5	2	1.31	not-in-dict
1764	-0.89	piltz	5	1	1.31	not-in-dict
1765	-0.89	planas	6	2	1.31	not-in-dict
1766	-0.89	potier	6	3	1.31	not-in-dict
1767	-0.89	prosch	6	1	1.31	not-in-dict
1768	-0.89	purports	8	2	2.81	not-in-dict,inflected
1769	-0.9	paff	4	1	1.3	not-in-dict
1770	-0.9	pamplin	7	2	1.3	not-in-dict
1771	-0.9	pankratz	8	2	1.3	not-in-dict
1772	-0.9	partied	7	2	2.8	not-in-dict,inflected
1773	-0.9	patchin	7	2	1.3	not-in-dict
1774	-0.9	patted	6	2	2.8	not-in-dict,inflected
1775	-0.9	paychex	7	2	1.3	not-in-dict
1776	-0.9	pedrick	7	2	1.3	not-in-dict
1777	-0.9	peels	5	1	2.8	not-in-dict,inflected
1778	-0.9	petrakis	8	3	1.3	not-in-dict
1779	-0.9	petree	6	2	1.3	not-in-dict
1780	-0.9	pickins	7	2	1.3	not-in-dict
1781	-0.9	pilecki	7	3	1.3	not-in-dict
1782	-0.9	pinks	5	1	2.8	not-in-dict,inflected
1783	-0.9	plunges	7	2	2.8	not-in-dict,inflected
1784	-0.9	polaski	7	3	1.3	not-in-dict
1785	-0.9	pows	4	1	2.8	not-in-dict,inflected
1786	-0.9	primers	7	2	2.8	not-in-dict,inflected
1787	-0.9	prosise	7	2	1.3	not-in-dict
1788	-0.9	prospera	8	3	1.3	not-in-dict
1789	-0.9	pusch	5	1	1.3	not-in-dict
1790	-0.91	penberthy	9	3	1.59	not-in-dict
1791	-0.91	pentair	7	2	1.29	not-in-dict
1792	-0.91	peppi	5	2	1.29	not-in-dict
1793	-0.91	pinette	7	2	1.29	not-in-dict
1794	-0.91	pinho	5	2	1.29	not-in-dict
1795	-0.91	plasse	6	1	1.29	not-in-dict
1796	-0.91	polhill	7	2	1.29	not-in-dict
1797	-0.91	preddy	6	2	1.29	not-in-dict
1798	-0.91	presser	7	2	2.79	not-in-dict,inflected
1799	-0.91	pridmore	8	2	1.29	not-in-dict
1800	-0.92	panella	7	3	1.28	not-in-dict
1801	-0.92	parkes	6	1	2.78	not-in-dict,inflected
1802	-0.92	parmley	7	2	1.28	not-in-dict
1803	-0.92	paschke	7	1	1.28	not-in-dict
1804	-0.92	peetz	5	1	1.28	not-in-dict
1805	-0.92	pellegrin	9	3	1.58	not-in-dict
1806	-0.92	penalized	9	3	3.08	not-in-dict,inflected
1807	-0.92	pendley	7	2	1.28	not-in-dict
1808	-0.92	peppered	8	2	2.78	not-in-dict,inflected
1809	-0.92	petsch	6	1	1.28	not-in-dict
1810	-0.92	pharis	6	2	1.28	not-in-dict
1811	-0.92	phylis	6	2	1.28	not-in-dict
1812	-0.92	pianka	6	3	1.28	not-in-dict
1813	-0.92	pierpoint	9	2	1.58	not-in-dict
1814	-0.92	plam	4	1	1.28	not-in-dict
1815	-0.92	polyak	6	2	1.28	not-in-dict
1816	-0.92	porath	6	2	1.28	not-in-dict
1817	-0.92	portilla	8	3	1.28	not-in-dict
1818	-0.92	precincts	9	2	3.08	not-in-dict,inflected
1819	-0.92	profitt	7	2	1.28	not-in-dict
1820	-0.92	proofing	8	2	2.78	not-in-dict,inflected
1821	-0.92	propping	8	2	2.78	not-in-dict,inflected
1822	-0.92	proskauer	9	2	1.58	not-in-dict
1823	-0.92	puskar	6	2	1.28	not-in-dict
1824	-0.93	peloso	6	3	1.27	not-in-dict
1825	-0.93	pfohl	5	1	1.27	not-in-dict
1826	-0.93	philbrook	9	2	1.57	not-in-dict
1827	-0.93	phrased	7	1	2.77	not-in-dict,inflected
1828	-0.93	pieced	6	1	2.77	not-in-dict,inflected
1829	-0.93	pilson	6	2	1.27	not-in-dict
1830	-0.93	polland	7	2	1.27	not-in-dict
1831	-0.93	polluting	9	3	3.07	not-in-dict,inflected
1832	-0.93	posited	7	3	2.77	not-in-dict,inflected
1833	-0.93	preying	7	2	2.77	not-in-dict,inflected
1834	-0.93	puritans	8	3	2.77	not-in-dict,inflected
1835	-0.94	palko	5	2	1.26	not-in-dict
1836	-0.94	panek	5	2	1.26	not-in-dict
1837	-0.94	parlier	7	3	1.26	not-in-dict
1838	-0.94	parman	6	2	1.26	not-in-dict
1839	-0.94	peddy	5	2	1.26	not-in-dict
1840	-0.94	pehrson	7	2	1.26	not-in-dict
1841	-0.94	petroni	7	3	1.26	not-in-dict
1842	-0.94	pichardo	8	3	1.26	not-in-dict
1843	-0.94	pinkos	6	2	1.26	not-in-dict
1844	-0.94	prewett	7	2	1.26	not-in-dict
1845	-0.95	pandolfi	8	3	1.25	not-in-dict
1846	-0.95	panthea	7	3	1.25	not-in-dict
1847	-0.95	pared	5	1	2.75	not-in-dict,inflected
1848	-0.95	payrolls	8	2	2.75	not-in-dict,inflected
1849	-0.95	pearlstein	10	2	1.55	not-in-dict
1850	-0.95	pieter	6	2	2.75	not-in-dict,inflected
1851	-0.95	pikes	5	1	2.75	not-in-dict,inflected
1852	-0.95	pomerleau	9	3	1.55	not-in-dict
1853	-0.95	pommier	7	3	1.25	not-in-dict
1854	-0.95	ponzo	5	2	1.25	not-in-dict
1855	-0.95	posits	6	2	2.75	not-in-dict,inflected
1856	-0.95	profeta	7	3	1.25	not-in-dict
1857	-0.96	pasque	6	1	1.24	not-in-dict
1858	-0.96	pedigo	6	3	1.24	not-in-dict
1859	-0.96	pelerin	7	3	1.24	not-in-dict
1860	-0.96	pennel	6	2	1.24	not-in-dict
1861	-0.96	peria	5	3	1.24	not-in-dict
1862	-0.96	pettingill	10	3	1.54	not-in-dict
1863	-0.96	pharaohs	8	2	2.74	not-in-dict,inflected
1864	-0.96	pichette	8	2	1.24	not-in-dict
1865	-0.96	pinkard	7	2	1.24	not-in-dict
1866	-0.96	pohjola	7	3	1.24	not-in-dict
1867	-0.96	polinsky	8	3	1.24	not-in-dict
1868	-0.96	polis	5	2	2.74	not-in-dict,inflected
1869	-0.96	pomroy	6	2	1.24	not-in-dict
1870	-0.96	porches	7	2	2.74	not-in-dict,inflected
1871	-0.96	postures	8	2	2.74	not-in-dict,inflected
1872	-0.96	proffit	7	2	1.24	not-in-dict
1873	-0.97	paino	5	2	1.23	not-in-dict
1874	-0.97	parlato	7	3	1.23	not-in-dict
1875	-0.97	parrack	7	2	1.23	not-in-dict
1876	-0.97	paslay	6	2	1.23	not-in-dict
1877	-0.97	pedophiles	10	3	3.03	not-in-dict,inflected
1878	-0.97	peppin	6	2	1.23	not-in-dict
1879	-0.97	perrella	8	3	1.23	not-in-dict
1880	-0.97	pettet	6	2	1.23	not-in-dict
1881	-0.97	piccone	7	3	1.23	not-in-dict
1882	-0.97	plourde	7	1	1.23	not-in-dict
1883	-0.97	poteat	6	2	1.23	not-in-dict
1884	-0.97	pouncy	6	2	1.23	not-in-dict
1885	-0.98	padfield	8	2	1.22	not-in-dict
1886	-0.98	padget	6	2	1.22	not-in-dict
1887	-0.98	pagett	6	2	1.22	not-in-dict
1888	-0.98	pangburn	8	2	1.22	not-in-dict
1889	-0.98	pastels	7	2	2.72	not-in-dict,inflected
1890	-0.98	paup	4	1	1.22	not-in-dict
1891	-0.98	peiffer	7	2	1.22	not-in-dict
1892	-0.98	pepitone	8	3	1.22	not-in-dict
1893	-0.98	peterka	7	3	1.22	not-in-dict
1894	-0.98	piersall	8	2	1.22	not-in-dict
1895	-0.98	placida	7	3	1.22	not-in-dict
1896	-0.98	poag	4	1	1.22	not-in-dict
1897	-0.98	poppadom	8	3	1.22	not-in-dict
1898	-0.98	potapov	7	3	1.22	not-in-dict
1899	-0.98	poyner	6	2	1.22	not-in-dict
1900	-0.99	panoz	5	2	1.21	not-in-dict
1901	-0.99	paroled	7	2	2.71	not-in-dict,inflected
1902	-0.99	passon	6	2	1.21	not-in-dict
1903	-0.99	peacocks	8	2	2.71	not-in-dict,inflected
1904	-0.99	peil	4	1	1.21	not-in-dict
1905	-0.99	pembridge	9	2	1.51	not-in-dict
1906	-0.99	perkinson	9	3	1.51	not-in-dict
1907	-0.99	pigford	7	2	1.21	not-in-dict
1908	-0.99	plinius	7	3	1.21	not-in-dict
1909	-0.99	pohlad	6	2	1.21	not-in-dict
1910	-0.99	polyps	6	2	2.71	not-in-dict,inflected
1911	-0.99	popeil	6	2	1.21	not-in-dict
1912	-0.99	pough	5	1	1.21	not-in-dict
1913	-0.99	presides	8	2	2.71	not-in-dict,inflected
1914	-0.99	proietti	8	3	1.21	not-in-dict
1915	-0.99	prouse	6	1	1.21	not-in-dict
1916	-0.99	puddings	8	2	2.71	not-in-dict,inflected
1917	-1.0	pamella	7	3	1.2	not-in-dict
1918	-1.0	pangle	6	2	1.2	not-in-dict
1919	-1.0	pawlik	6	2	1.2	not-in-dict
1920	-1.0	pembleton	9	3	1.5	not-in-dict
1921	-1.0	petracca	8	3	1.2	not-in-dict
1922	-1.0	piquette	8	2	1.2	not-in-dict
1923	-1.0	plying	6	2	2.7	not-in-dict,inflected
1924	-1.0	pohle	5	2	1.2	not-in-dict
1925	-1.0	porzio	6	3	1.2	not-in-dict
1926	-1.0	pouting	7	2	2.7	not-in-dict,inflected
1927	-1.0	previte	7	2	1.2	not-in-dict
1928	-1.0	preyed	6	1	2.7	not-in-dict,inflected
1929	-1.0	prochnow	8	2	1.2	not-in-dict
1930	-1.0	pylons	6	2	2.7	not-in-dict,inflected
1931	-1.01	pardus	6	2	1.19	not-in-dict
1932	-1.01	parlett	7	2	1.19	not-in-dict
1933	-1.01	paullin	7	2	1.19	not-in-dict
1934	-1.01	pavich	6	2	1.19	not-in-dict
1935	-1.01	payoffs	7	2	2.69	not-in-dict,inflected
1936	-1.01	pedroso	7	3	1.19	not-in-dict
1937	-1.01	peroutka	8	3	1.19	not-in-dict
1938	-1.01	piatek	6	3	1.19	not-in-dict
1939	-1.01	pickens	7	2	2.69	not-in-dict,inflected
1940	-1.01	plows	5	1	2.69	not-in-dict,inflected
1941	-1.01	poarch	6	1	1.19	not-in-dict
1942	-1.01	postell	7	2	1.19	not-in-dict
1943	-1.01	prestage	8	2	1.19	not-in-dict
1944	-1.01	provencher	10	3	1.49	not-in-dict
1945	-1.02	paetz	5	1	1.18	not-in-dict
1946	-1.02	pajak	5	2	1.18	not-in-dict
1947	-1.02	parkfield	9	2	1.48	not-in-dict
1948	-1.02	perretta	8	3	1.18	not-in-dict
1949	-1.02	picower	7	2	1.18	not-in-dict
1950	-1.02	porcelli	8	3	1.18	not-in-dict
1951	-1.03	palash	6	2	1.17	not-in-dict
1952	-1.03	paprocki	8	3	1.17	not-in-dict
1953	-1.03	parables	8	3	2.67	not-in-dict,inflected
1954	-1.03	petitt	6	2	1.17	not-in-dict
1955	-1.03	picabo	6	3	1.17	not-in-dict
1956	-1.03	piecing	7	2	2.67	not-in-dict,inflected
1957	-1.03	pipher	6	2	1.17	not-in-dict
1958	-1.03	placards	8	2	2.67	not-in-dict,inflected
1959	-1.03	plaguing	8	2	2.67	not-in-dict,inflected
1960	-1.03	projectors	10	3	2.97	not-in-dict,inflected
1961	-1.03	puleo	5	3	1.17	not-in-dict
1962	-1.04	pastimes	8	2	2.66	not-in-dict,inflected
1963	-1.04	pedretti	8	3	1.16	not-in-dict
1964	-1.04	peered	6	1	2.66	not-in-dict,inflected
1965	-1.04	perone	6	2	1.16	not-in-dict
1966	-1.04	perrelli	8	3	1.16	not-in-dict
1967	-1.04	petrea	6	3	1.16	not-in-dict
1968	-1.04	pimping	7	2	2.66	not-in-dict,inflected
1969	-1.04	pitchmen	8	2	1.16	not-in-dict
1970	-1.04	ploetz	6	1	1.16	not-in-dict
1971	-1.04	pollina	7	3	1.16	not-in-dict
1972	-1.04	poppleton	9	3	1.46	not-in-dict
1973	-1.04	pridgeon	8	2	1.16	not-in-dict
1974	-1.04	proclaims	9	2	2.96	not-in-dict,inflected
1975	-1.04	profiting	9	3	2.96	not-in-dict,inflected
1976	-1.04	prouder	7	2	2.66	not-in-dict,inflected
1977	-1.04	punts	5	1	2.66	not-in-dict,inflected
1978	-1.04	purifoy	7	3	1.16	not-in-dict
1979	-1.04	purists	7	2	2.66	not-in-dict,inflected
1980	-1.05	pauletta	8	3	1.15	not-in-dict
1981	-1.05	paylor	6	2	1.15	not-in-dict
1982	-1.05	pelc	4	1	1.15	not-in-dict
1983	-1.05	pelts	5	1	2.65	not-in-dict,inflected
1984	-1.05	peschel	7	2	1.15	not-in-dict
1985	-1.05	petrin	6	2	1.15	not-in-dict
1986	-1.05	petzel	6	2	1.15	not-in-dict
1987	-1.05	picaro	6	3	1.15	not-in-dict
1988	-1.05	pickar	6	2	1.15	not-in-dict
1989	-1.05	pingel	6	2	1.15	not-in-dict
1990	-1.05	pitblado	8	3	1.15	not-in-dict
1991	-1.05	platters	8	2	2.65	not-in-dict,inflected
1992	-1.05	plue	4	1	1.15	not-in-dict
1993	-1.05	polzin	6	2	1.15	not-in-dict
1994	-1.05	pugmire	7	2	1.15	not-in-dict
1995	-1.05	purt	4	1	1.15	not-in-dict
1996	-1.05	putco	5	2	1.15	not-in-dict
1997	-1.06	pasts	5	1	2.64	not-in-dict,inflected
1998	-1.06	peeked	6	1	2.64	not-in-dict,inflected
1999	-1.06	pendelton	9	3	1.44	not-in-dict
2000	-1.06	perceives	9	2	2.94	not-in-dict,inflected
2001	-1.06	perrotti	8	3	1.14	not-in-dict
2002	-1.06	petruzzi	8	3	1.14	not-in-dict
2003	-1.06	pickell	7	2	1.14	not-in-dict
2004	-1.06	placencia	9	3	1.44	not-in-dict
2005	-1.06	planeload	9	2	1.44	not-in-dict
2006	-1.06	pliska	6	2	1.14	not-in-dict
2007	-1.06	postino	7	3	1.14	not-in-dict
2008	-1.06	prause	6	1	1.14	not-in-dict
2009	-1.06	prioleau	8	3	1.14	not-in-dict
2010	-1.06	prock	5	1	1.14	not-in-dict
2011	-1.07	pait	4	1	1.13	not-in-dict
2012	-1.07	palmquist	9	2	1.43	not-in-dict
2013	-1.07	panelists	9	3	2.93	not-in-dict,inflected
2014	-1.07	paychecks	9	2	2.93	not-in-dict,inflected
2015	-1.07	pellston	8	2	1.13	not-in-dict
2016	-1.07	perkovic	8	3	1.13	not-in-dict
2017	-1.07	perlow	6	2	1.13	not-in-dict
2018	-1.07	pierotti	8	3	1.13	not-in-dict
2019	-1.07	pivots	6	2	2.63	not-in-dict,inflected
2020	-1.07	plagens	7	2	1.13	not-in-dict
2021	-1.07	plotters	8	2	2.63	not-in-dict,inflected
2022	-1.07	poppers	7	2	2.63	not-in-dict,inflected
2023	-1.07	posses	6	2	2.63	not-in-dict,inflected
2024	-1.07	prugh	5	1	1.13	not-in-dict
2025	-1.07	purviance	9	3	1.43	not-in-dict
2026	-1.08	paddack	7	2	1.12	not-in-dict
2027	-1.08	pappert	7	2	1.12	not-in-dict
2028	-1.08	penzer	6	2	1.12	not-in-dict
2029	-1.08	pivoting	8	3	2.62	not-in-dict,inflected
2030	-1.08	priebke	7	2	1.12	not-in-dict
2031	-1.08	procuring	9	3	2.92	not-in-dict,inflected
2032	-1.09	pacts	5	1	2.61	not-in-dict,inflected
2033	-1.09	pappas	6	2	2.61	not-in-dict,inflected
2034	-1.09	pauls	5	1	2.61	not-in-dict,inflected
2035	-1.09	pechiney	8	3	1.11	not-in-dict
2036	-1.09	perdew	6	2	1.11	not-in-dict
2037	-1.09	perritt	7	2	1.11	not-in-dict
2038	-1.09	petteway	8	2	1.11	not-in-dict
2039	-1.09	phebus	6	2	1.11	not-in-dict
2040	-1.09	plamondon	9	3	1.41	not-in-dict
2041	-1.09	plummeted	9	3	2.91	not-in-dict,inflected
2042	-1.09	prancing	8	2	2.61	not-in-dict,inflected
2043	-1.09	prisms	6	2	2.61	not-in-dict,inflected
2044	-1.09	prowling	8	2	2.61	not-in-dict,inflected
2045	-1.09	pulleys	7	2	2.61	not-in-dict,inflected
2046	-1.1	palese	6	3	1.1	not-in-dict
2047	-1.1	pangs	5	1	2.6	not-in-dict,inflected
2048	-1.1	parillo	7	3	1.1	not-in-dict
2049	-1.1	peeks	5	1	2.6	not-in-dict,inflected
2050	-1.1	petrik	6	2	1.1	not-in-dict
2051	-1.1	petta	5	2	1.1	not-in-dict
2052	-1.1	pettengill	10	3	1.4	not-in-dict
2053	-1.1	pflaum	6	1	1.1	not-in-dict
2054	-1.1	philon	6	2	1.1	not-in-dict
2055	-1.1	pickets	7	2	2.6	not-in-dict,inflected
2056	-1.1	pierron	7	2	1.1	not-in-dict
2057	-1.1	piglets	7	2	2.6	not-in-dict,inflected
2058	-1.1	placek	6	2	1.1	not-in-dict
2059	-1.1	placzek	7	2	1.1	not-in-dict
2060	-1.1	plemmons	8	2	1.1	not-in-dict
2061	-1.1	priors	6	2	2.6	not-in-dict,inflected
2062	-1.1	prospered	9	2	2.9	not-in-dict,inflected
2063	-1.11	paiz	4	1	1.09	not-in-dict
2064	-1.11	palardy	7	3	1.09	not-in-dict
2065	-1.11	parlee	6	2	1.09	not-in-dict
2066	-1.11	paske	5	1	1.09	not-in-dict
2067	-1.11	pellman	7	2	1.09	not-in-dict
2068	-1.11	petrow	6	2	1.09	not-in-dict
2069	-1.11	piny	4	2	1.09	not-in-dict
2070	-1.11	popejoy	7	2	1.09	not-in-dict
2071	-1.11	presumes	8	2	2.59	not-in-dict,inflected
2072	-1.11	prochaska	9	3	1.39	not-in-dict
2073	-1.12	paluch	6	2	1.08	not-in-dict
2074	-1.12	passaro	7	3	1.08	not-in-dict
2075	-1.12	peapack	7	2	1.08	not-in-dict
2076	-1.12	peevey	6	2	1.08	not-in-dict
2077	-1.12	perpich	7	2	1.08	not-in-dict
2078	-1.12	petitjean	9	3	1.38	not-in-dict
2079	-1.12	phagan	6	2	1.08	not-in-dict
2080	-1.12	pianists	8	3	2.58	not-in-dict,inflected
2081	-1.12	pinkest	7	2	1.08	not-in-dict
2082	-1.12	pisciotta	9	3	1.38	not-in-dict
2083	-1.12	pleiad	6	2	1.08	not-in-dict
2084	-1.12	poynor	6	2	1.08	not-in-dict
2085	-1.12	proehl	6	1	1.08	not-in-dict
2086	-1.12	prosser	7	2	2.58	not-in-dict,inflected
2087	-1.12	pruess	6	1	1.08	not-in-dict
2088	-1.13	palos	5	2	2.57	not-in-dict,inflected
2089	-1.13	parady	6	3	1.07	not-in-dict
2090	-1.13	parsell	7	2	1.07	not-in-dict
2091	-1.13	penuel	6	2	1.07	not-in-dict
2092	-1.13	perches	7	2	2.57	not-in-dict,inflected
2093	-1.13	pickands	8	2	1.07	not-in-dict
2094	-1.13	pindling	8	2	1.07	not-in-dict
2095	-1.13	ponders	7	2	2.57	not-in-dict,inflected
2096	-1.13	pounced	7	1	2.57	not-in-dict,inflected
2097	-1.13	propellers	10	3	2.87	not-in-dict,inflected
2098	-1.13	pruned	6	1	2.57	not-in-dict,inflected
2099	-1.13	pushers	7	2	2.57	not-in-dict,inflected
2100	-1.14	palmerton	9	3	1.36	not-in-dict
2101	-1.14	paone	5	2	1.06	not-in-dict
2102	-1.14	parrella	8	3	1.06	not-in-dict
2103	-1.14	partain	7	2	1.06	not-in-dict
2104	-1.14	patenaude	9	3	1.36	not-in-dict
2105	-1.14	pees	4	1	2.56	not-in-dict,inflected
2106	-1.14	pettis	6	2	2.56	not-in-dict,inflected
2107	-1.14	pharisees	9	3	2.86	not-in-dict,inflected
2108	-1.14	phegley	7	2	1.06	not-in-dict
2109	-1.14	phosphatic	10	3	1.36	not-in-dict
2110	-1.14	pikus	5	2	1.06	not-in-dict
2111	-1.14	pimental	8	3	1.06	not-in-dict
2112	-1.14	ponzio	6	3	1.06	not-in-dict
2113	-1.14	pooper	6	2	2.56	not-in-dict,inflected
2114	-1.14	priroda	7	3	1.06	not-in-dict
2115	-1.15	parrino	7	3	1.05	not-in-dict
2116	-1.15	patillo	7	3	1.05	not-in-dict
2117	-1.15	pelkey	6	2	1.05	not-in-dict
2118	-1.15	petrosa	7	3	1.05	not-in-dict
2119	-1.15	petroski	8	3	1.05	not-in-dict
2120	-1.15	piehl	5	1	1.05	not-in-dict
2121	-1.15	pille	5	1	1.05	not-in-dict
2122	-1.15	plantings	9	2	2.85	not-in-dict,inflected
2123	-1.15	poggioli	8	3	1.05	not-in-dict
2124	-1.15	powless	7	2	1.05	not-in-dict
2125	-1.15	publics	7	2	2.55	not-in-dict,inflected
2126	-1.15	pursuers	8	3	2.55	not-in-dict,inflected
2127	-1.16	pearline	8	2	1.04	not-in-dict
2128	-1.16	pechman	7	2	1.04	not-in-dict
2129	-1.16	pinker	6	2	2.54	not-in-dict,inflected
2130	-1.16	pirog	5	2	1.04	not-in-dict
2131	-1.16	pizzuto	7	3	1.04	not-in-dict
2132	-1.16	pluta	5	2	1.04	not-in-dict
2133	-1.16	policed	7	2	2.54	not-in-dict,inflected
2134	-1.16	pricked	7	1	2.54	not-in-dict,inflected
2135	-1.16	priem	5	1	1.04	not-in-dict
2136	-1.16	probasco	8	3	1.04	not-in-dict
2137	-1.17	palomba	7	3	1.03	not-in-dict
2138	-1.17	pantalone	9	3	1.33	not-in-dict
2139	-1.17	parlow	6	2	1.03	not-in-dict
2140	-1.17	parodied	8	3	2.53	not-in-dict,inflected
2141	-1.17	paugh	5	1	1.03	not-in-dict
2142	-1.17	peeves	6	1	2.53	not-in-dict,inflected
2143	-1.17	pelphrey	8	2	1.03	not-in-dict
2144	-1.17	pelted	6	2	2.53	not-in-dict,inflected
2145	-1.17	penetrates	10	3	2.83	not-in-dict,inflected
2146	-1.17	pervades	8	2	2.53	not-in-dict,inflected
2147	-1.17	peschke	7	1	1.03	not-in-dict
2148	-1.17	pewabic	7	3	1.03	not-in-dict
2149	-1.17	piercey	7	2	1.03	not-in-dict
2150	-1.17	pieroni	7	3	1.03	not-in-dict
2151	-1.17	pivoted	7	3	2.53	not-in-dict,inflected
2152	-1.17	prided	6	2	2.53	not-in-dict,inflected
2153	-1.17	privatized	10	3	2.83	not-in-dict,inflected
2154	-1.17	prudente	8	2	1.03	not-in-dict
2155	-1.17	purer	5	2	2.53	not-in-dict,inflected
2156	-1.18	paign	5	1	1.02	not-in-dict
2157	-1.18	panamsat	8	3	1.02	not-in-dict
2158	-1.18	panaro	6	3	1.02	not-in-dict
2159	-1.18	panora	6	3	1.02	not-in-dict
2160	-1.18	paredes	7	3	2.52	not-in-dict,inflected
2161	-1.18	parrillo	8	3	1.02	not-in-dict
2162	-1.18	passow	6	2	1.02	not-in-dict
2163	-1.18	penner	6	2	2.52	not-in-dict,inflected
2164	-1.18	phonemes	8	2	2.52	not-in-dict,inflected
2165	-1.18	pierini	7	3	1.02	not-in-dict
2166	-1.18	pinkley	7	2	1.02	not-in-dict
2167	-1.18	pirkle	6	2	1.02	not-in-dict
2168	-1.18	prahl	5	1	1.02	not-in-dict
2169	-1.18	prehn	5	1	1.02	not-in-dict
2170	-1.19	parmele	7	3	1.01	not-in-dict
2171	-1.19	pavements	9	2	2.81	not-in-dict,inflected
2172	-1.19	phillippi	9	3	1.31	not-in-dict
2173	-1.19	pilgram	7	2	1.01	not-in-dict
2174	-1.19	plasencia	9	3	1.31	not-in-dict
2175	-1.19	podiums	7	3	2.51	not-in-dict,inflected
2176	-1.19	prefaced	8	2	2.51	not-in-dict,inflected
2177	-1.19	priess	6	1	1.01	not-in-dict
2178	-1.19	puopolo	7	3	1.01	not-in-dict
2179	-1.19	puthoff	7	2	1.01	not-in-dict
2180	-1.2	palisades	9	3	2.8	not-in-dict,inflected
2181	-1.2	paraglide	9	3	1.3	not-in-dict
2182	-1.2	paves	5	1	2.5	not-in-dict,inflected
2183	-1.2	pedaling	8	2	2.5	not-in-dict,inflected
2184	-1.2	petrus	6	2	2.5	not-in-dict,inflected
2185	-1.2	pomerance	9	3	1.3	not-in-dict
2186	-1.2	portrayals	10	3	2.8	not-in-dict,inflected
2187	-1.2	preys	5	1	2.5	not-in-dict,inflected
2188	-1.21	pastes	6	1	2.49	not-in-dict,inflected
2189	-1.21	perrier	7	3	2.49	not-in-dict,inflected
2190	-1.21	pogroms	7	2	2.49	not-in-dict,inflected
2191	-1.21	premiering	10	3	2.79	not-in-dict,inflected
2192	-1.22	peddled	7	2	2.48	not-in-dict,inflected
2193	-1.22	pissing	7	2	3.58	vulgar,inflected
2194	-1.22	plazas	6	2	2.48	not-in-dict,inflected
2195	-1.22	purples	7	2	2.48	not-in-dict,inflected
2196	-1.23	plascencia	10	3	1.27	not-in-dict
2197	-1.23	pounders	8	2	2.47	not-in-dict,inflected
2198	-1.24	pipers	6	2	2.46	not-in-dict,inflected
2199	-1.24	poehler	7	2	2.46	not-in-dict,inflected
2200	-1.24	prelates	8	2	2.46	not-in-dict,inflected
2201	-1.24	privacies	9	3	1.26	not-in-dict
2202	-1.25	papas	5	2	2.45	not-in-dict,inflected
2203	-1.25	pitying	7	3	2.45	not-in-dict,inflected
2204	-1.25	pluses	6	2	2.45	not-in-dict,inflected
2205	-1.25	poodles	7	2	2.45	not-in-dict,inflected
2206	-1.25	putts	5	1	2.45	not-in-dict,inflected
2207	-1.26	peddlers	8	2	2.44	not-in-dict,inflected
2208	-1.26	ploughs	7	1	2.44	not-in-dict,inflected
2209	-1.26	possums	7	2	2.44	not-in-dict,inflected
2210	-1.26	pressboard	10	2	1.24	not-in-dict
2211	-1.26	pridemore	9	2	1.24	not-in-dict
2212	-1.26	prochazka	9	3	1.24	not-in-dict
2213	-1.27	petted	6	2	2.43	not-in-dict,inflected
2214	-1.27	planed	6	1	2.43	not-in-dict,inflected
2215	-1.27	putterman	9	3	1.23	not-in-dict
2216	-1.28	patios	6	3	2.42	not-in-dict,inflected
2217	-1.28	pendarvis	9	3	1.22	not-in-dict
2218	-1.28	pettijohn	9	3	1.22	not-in-dict
2219	-1.28	plummets	8	2	2.42	not-in-dict,inflected
2220	-1.28	poring	6	2	2.42	not-in-dict,inflected
2221	-1.28	prescribes	10	2	2.72	not-in-dict,inflected
2222	-1.29	parkerson	9	3	1.21	not-in-dict
2223	-1.29	parramore	9	3	1.21	not-in-dict
2224	-1.29	pavilions	9	3	2.71	not-in-dict,inflected
2225	-1.29	pawned	6	1	2.41	not-in-dict,inflected
2226	-1.29	premised	8	2	2.41	not-in-dict,inflected
2227	-1.29	prestwood	9	2	1.21	not-in-dict
2228	-1.29	pronovost	9	3	1.21	not-in-dict
2229	-1.3	pennywell	9	3	1.2	not-in-dict
2230	-1.3	prolongs	8	2	2.4	not-in-dict,inflected
2231	-1.3	purrs	5	1	2.4	not-in-dict,inflected
2232	-1.31	perked	6	1	2.39	not-in-dict,inflected
2233	-1.31	pottenger	9	3	1.19	not-in-dict
2234	-1.31	proglacial	10	3	1.19	not-in-dict
2235	-1.32	parkers	7	2	2.38	not-in-dict,inflected
2236	-1.32	plummeting	10	3	2.68	not-in-dict,inflected
2237	-1.32	precluded	9	3	2.68	not-in-dict,inflected
2238	-1.32	pris	4	1	2.38	not-in-dict,inflected
2239	-1.33	pleats	6	1	2.37	not-in-dict,inflected
2240	-1.33	prefered	8	2	2.37	not-in-dict,inflected
2241	-1.34	pastas	6	2	2.36	not-in-dict,inflected
2242	-1.34	perjured	8	2	2.36	not-in-dict,inflected
2243	-1.34	precludes	9	2	2.66	not-in-dict,inflected
2244	-1.36	puffins	7	2	2.34	not-in-dict,inflected
2245	-1.37	persevered	10	3	2.63	not-in-dict,inflected
2246	-1.37	pheasants	9	2	2.63	not-in-dict,inflected
2247	-1.37	plas	4	1	2.33	not-in-dict,inflected
2248	-1.37	plasters	8	2	2.33	not-in-dict,inflected
2249	-1.37	posluszny	9	3	1.13	not-in-dict
2250	-1.37	prods	5	1	2.33	not-in-dict,inflected
2251	-1.38	pearlstine	10	2	1.12	not-in-dict
2252	-1.38	plaines	7	1	2.32	not-in-dict,inflected
2253	-1.38	punctures	9	2	2.62	not-in-dict,inflected
2254	-1.39	papenfuss	9	3	1.11	not-in-dict
2255	-1.39	paupers	7	2	2.31	not-in-dict,inflected
2256	-1.41	patricks	8	2	2.29	not-in-dict,inflected
2257	-1.41	pervaded	8	3	2.29	not-in-dict,inflected
2258	-1.41	pesetas	7	3	2.29	not-in-dict,inflected
2259	-1.41	pfingsten	9	2	1.09	not-in-dict
2260	-1.41	pollsters	9	2	2.59	not-in-dict,inflected
2261	-1.41	populists	9	3	2.59	not-in-dict,inflected
2262	-1.41	practises	9	3	2.59	not-in-dict,inflected
2263	-1.41	protectee	9	3	1.09	not-in-dict
2264	-1.42	pfleiderer	10	3	1.08	not-in-dict
2265	-1.42	pickerell	9	3	1.08	not-in-dict
2266	-1.42	picketing	9	3	2.58	not-in-dict,inflected
2267	-1.42	porsches	8	2	2.28	not-in-dict,inflected
2268	-1.43	padlocks	8	2	2.27	not-in-dict,inflected
2269	-1.43	partenope	9	3	1.07	not-in-dict
2270	-1.43	pingleton	9	3	1.07	not-in-dict
2271	-1.43	pols	4	1	2.27	not-in-dict,inflected
2272	-1.43	ponchos	7	2	2.27	not-in-dict,inflected
2273	-1.43	prorated	8	3	2.27	not-in-dict,inflected
2274	-1.43	pulsipher	9	3	1.07	not-in-dict
2275	-1.44	pagers	6	2	2.26	not-in-dict,inflected
2276	-1.44	pawing	6	2	2.26	not-in-dict,inflected
2277	-1.44	personals	9	3	2.56	not-in-dict,inflected
2278	-1.44	perused	7	2	2.26	not-in-dict,inflected
2279	-1.44	poznanski	9	3	1.06	not-in-dict
2280	-1.44	professes	9	3	2.56	not-in-dict,inflected
2281	-1.45	picketed	8	3	2.25	not-in-dict,inflected
2282	-1.46	persuades	9	2	2.54	not-in-dict,inflected
2283	-1.46	plumbed	7	1	2.24	not-in-dict,inflected
2284	-1.46	polluters	9	3	2.54	not-in-dict,inflected
2285	-1.47	pontbriand	10	3	1.03	not-in-dict
2286	-1.47	purveyors	9	3	2.53	not-in-dict,inflected
2287	-1.48	platts	6	1	2.22	not-in-dict,inflected
2288	-1.48	plurals	7	2	2.22	not-in-dict,inflected
2289	-1.48	poplawski	9	3	1.02	not-in-dict
2290	-1.48	prospers	8	2	2.22	not-in-dict,inflected
2291	-1.49	percents	8	2	2.21	not-in-dict,inflected
2292	-1.49	pocketing	9	3	2.51	not-in-dict,inflected
2293	-1.49	pouncing	8	2	2.21	not-in-dict,inflected
2294	-1.5	placebos	8	3	2.2	not-in-dict,inflected
2295	-1.5	plainer	7	2	2.2	not-in-dict,inflected
2296	-1.5	pored	5	1	2.2	not-in-dict,inflected
2297	-1.5	pursed	6	1	2.2	not-in-dict,inflected
2298	-1.51	paroles	7	2	2.19	not-in-dict,inflected
2299	-1.51	pinpointed	10	3	2.49	not-in-dict,inflected
2300	-1.51	pitchforks	10	2	2.49	not-in-dict,inflected
2301	-1.51	pukes	5	1	2.19	not-in-dict,inflected
2302	-1.52	poconos	7	3	2.18	not-in-dict,inflected
2303	-1.52	psyches	7	2	2.18	not-in-dict,inflected
2304	-1.52	putters	7	2	2.18	not-in-dict,inflected
2305	-1.53	pares	5	1	2.17	not-in-dict,inflected
2306	-1.53	parolees	8	3	2.17	not-in-dict,inflected
2307	-1.53	petros	6	2	2.17	not-in-dict,inflected
2308	-1.53	pollutes	8	2	2.17	not-in-dict,inflected
2309	-1.53	presaged	8	2	2.17	not-in-dict,inflected
2310	-1.54	pilings	7	2	2.16	not-in-dict,inflected
2311	-1.55	pails	5	1	2.15	not-in-dict,inflected
2312	-1.55	pulpits	7	2	2.15	not-in-dict,inflected
2313	-1.56	parcells	8	2	2.14	not-in-dict,inflected
2314	-1.56	parkas	6	2	2.14	not-in-dict,inflected
2315	-1.56	pedestals	9	3	2.44	not-in-dict,inflected
2316	-1.56	publicists	10	3	2.44	not-in-dict,inflected
2317	-1.57	physicals	9	3	2.43	not-in-dict,inflected
2318	-1.57	portents	8	2	2.13	not-in-dict,inflected
2319	-1.58	pardoning	9	3	2.42	not-in-dict,inflected
2320	-1.58	pariahs	7	3	2.12	not-in-dict,inflected
2321	-1.58	petites	7	2	2.12	not-in-dict,inflected
2322	-1.58	pilfered	8	2	2.12	not-in-dict,inflected
2323	-1.58	pooches	7	2	2.12	not-in-dict,inflected
2324	-1.58	postmarked	10	2	2.42	not-in-dict,inflected
2325	-1.59	plaited	7	2	2.11	not-in-dict,inflected
2326	-1.6	patenting	9	3	2.4	not-in-dict,inflected
2327	-1.6	pleadings	9	2	2.4	not-in-dict,inflected
2328	-1.6	plumped	7	1	2.1	not-in-dict,inflected
2329	-1.6	pouted	6	2	2.1	not-in-dict,inflected
2330	-1.6	predicates	10	3	2.4	not-in-dict,inflected
2331	-1.6	presences	9	3	2.4	not-in-dict,inflected
2332	-1.61	pieters	7	2	2.09	not-in-dict,inflected
2333	-1.61	plovers	7	2	2.09	not-in-dict,inflected
2334	-1.61	portends	8	2	2.09	not-in-dict,inflected
2335	-1.62	parlayed	8	2	2.08	not-in-dict,inflected
2336	-1.62	peddles	7	2	2.08	not-in-dict,inflected
2337	-1.62	poors	5	1	2.08	not-in-dict,inflected
2338	-1.62	porpoises	9	3	2.38	not-in-dict,inflected
2339	-1.62	pretties	8	2	2.08	not-in-dict,inflected
2340	-1.63	pickler	7	2	2.07	not-in-dict,inflected
2341	-1.64	petunias	8	3	2.06	not-in-dict,inflected
2342	-1.64	postpones	9	2	2.36	not-in-dict,inflected
2343	-1.64	pouts	5	1	2.06	not-in-dict,inflected
2344	-1.65	preempted	9	3	2.35	not-in-dict,inflected
2345	-1.66	pertained	9	2	2.34	not-in-dict,inflected
2346	-1.67	pedigrees	9	3	2.33	not-in-dict,inflected
2347	-1.67	pervading	9	3	2.33	not-in-dict,inflected
2348	-1.68	printouts	9	2	2.32	not-in-dict,inflected
2349	-1.69	parsers	7	2	2.01	not-in-dict,inflected
2350	-1.69	perverting	10	3	2.31	not-in-dict,inflected
2351	-1.69	philipps	8	2	2.01	not-in-dict,inflected
2352	-1.69	plunked	7	1	2.01	not-in-dict,inflected
2353	-1.7	perishing	9	3	2.3	not-in-dict,inflected
2354	-1.7	pilasters	9	3	2.3	not-in-dict,inflected
2355	-1.7	putted	6	2	2.0	not-in-dict,inflected
2356	-1.72	pedicures	9	3	2.28	not-in-dict,inflected
2357	-1.73	parkins	7	2	1.97	not-in-dict,inflected
2358	-1.73	pedaled	7	2	1.97	not-in-dict,inflected
2359	-1.73	piggly	6	2	1.97	not-in-dict,inflected
2360	-1.73	pompoms	7	2	1.97	not-in-dict,inflected
2361	-1.73	proctors	8	2	1.97	not-in-dict,inflected
2362	-1.75	pedants	7	2	1.95	not-in-dict,inflected
2363	-1.75	portales	8	3	1.95	not-in-dict,inflected
2364	-1.75	potshots	8	2	1.95	not-in-dict,inflected
2365	-1.75	printings	9	2	2.25	not-in-dict,inflected
2366	-1.75	proteges	8	3	1.95	not-in-dict,inflected
2367	-1.76	penns	5	1	1.94	not-in-dict,inflected
2368	-1.76	percs	5	1	1.94	not-in-dict,inflected
2369	-1.76	pipettes	8	2	1.94	not-in-dict,inflected
2370	-1.77	panted	6	2	1.93	not-in-dict,inflected
2371	-1.77	pearling	8	2	1.93	not-in-dict,inflected
2372	-1.77	perls	5	1	1.93	not-in-dict,inflected
2373	-1.77	pinholes	8	2	1.93	not-in-dict,inflected
2374	-1.77	pinpoints	9	2	2.23	not-in-dict,inflected
2375	-1.78	pitzer	6	2	1.92	not-in-dict,inflected
2376	-1.78	presages	8	3	1.92	not-in-dict,inflected
2377	-1.79	pilfering	9	3	2.21	not-in-dict,inflected
2378	-1.79	plebeians	9	3	2.21	not-in-dict,inflected
2379	-1.79	pressly	7	2	1.91	not-in-dict,inflected
2380	-1.8	parakeets	9	3	2.2	not-in-dict,inflected
2381	-1.8	poitras	7	2	1.9	not-in-dict,inflected
2382	-1.8	pollens	7	2	1.9	not-in-dict,inflected
2383	-1.8	pulping	7	2	1.9	not-in-dict,inflected
2384	-1.8	pummeling	9	3	2.2	not-in-dict,inflected
2385	-1.82	phalanges	9	3	2.18	not-in-dict,inflected
2386	-1.83	precluding	10	3	2.17	not-in-dict,inflected
2387	-1.83	pronger	7	2	1.87	not-in-dict,inflected
2388	-1.84	perking	7	2	1.86	not-in-dict,inflected
2389	-1.84	propounded	10	3	2.16	not-in-dict,inflected
2390	-1.84	pyres	5	2	1.86	not-in-dict,inflected
2391	-1.85	peelers	7	2	1.85	not-in-dict,inflected
2392	-1.85	plateaued	9	2	2.15	not-in-dict,inflected
2393	-1.85	preparers	9	3	2.15	not-in-dict,inflected
2394	-1.85	pries	5	1	1.85	not-in-dict,inflected
2395	-1.86	parceled	8	2	1.84	not-in-dict,inflected
2396	-1.86	prosecutes	10	3	2.14	not-in-dict,inflected
2397	-1.87	plutocrats	10	3	2.13	not-in-dict,inflected
2398	-1.88	petras	6	2	1.82	not-in-dict,inflected
2399	-1.89	perspiring	10	3	2.11	not-in-dict,inflected
2400	-1.89	promenades	10	3	2.11	not-in-dict,inflected
2401	-1.89	pussycats	9	3	2.11	not-in-dict,inflected
2402	-1.9	pitons	6	2	1.8	not-in-dict,inflected
2403	-1.9	propper	7	2	1.8	not-in-dict,inflected
2404	-1.92	pathans	7	2	1.78	not-in-dict,inflected
2405	-1.93	perrins	7	2	1.77	not-in-dict,inflected
2406	-1.93	polkas	6	2	1.77	not-in-dict,inflected
2407	-1.94	parlays	7	2	1.76	not-in-dict,inflected
2408	-1.94	prefabs	7	2	1.76	not-in-dict,inflected
2409	-1.95	positrons	9	3	2.05	not-in-dict,inflected
2410	-1.95	puking	6	2	2.85	vulgar,inflected
2411	-1.96	plaiting	8	2	1.74	not-in-dict,inflected
2412	-1.96	privations	10	3	2.04	not-in-dict,inflected
2413	-1.97	pleasants	9	2	2.03	not-in-dict,inflected
2414	-1.97	preempts	8	2	1.73	not-in-dict,inflected
2415	-1.98	picassos	8	3	1.72	not-in-dict,inflected
2416	-1.98	pontes	6	2	1.72	not-in-dict,inflected
2417	-1.98	prescriber	10	3	2.02	not-in-dict,inflected
2418	-1.99	pancaked	8	2	1.71	not-in-dict,inflected
2419	-1.99	perseveres	10	3	2.01	not-in-dict,inflected
2420	-2.0	peller	6	2	1.7	not-in-dict,inflected
2421	-2.0	piker	5	2	1.7	not-in-dict,inflected
2422	-2.0	politis	7	3	1.7	not-in-dict,inflected
2423	-2.0	protropin	9	3	0.0	proper-noun
2424	-2.0	provosts	8	2	1.7	not-in-dict,inflected
2425	-2.01	poopers	7	2	1.69	not-in-dict,inflected
2426	-2.02	parfaits	8	2	1.68	not-in-dict,inflected
2427	-2.02	pelleted	8	3	1.68	not-in-dict,inflected
2428	-2.02	phares	6	1	1.68	not-in-dict,inflected
2429	-2.03	poseurs	7	2	1.67	not-in-dict,inflected
2430	-2.03	prances	7	2	1.67	not-in-dict,inflected
2431	-2.04	paeans	6	2	1.66	not-in-dict,inflected
2432	-2.04	playhouses	10	3	1.96	not-in-dict,inflected
2433	-2.04	provisos	8	3	1.66	not-in-dict,inflected
2434	-2.05	pates	5	1	1.65	not-in-dict,inflected
2435	-2.05	pelzer	6	2	1.65	not-in-dict,inflected
2436	-2.05	pergolas	8	3	1.65	not-in-dict,inflected
2437	-2.06	preservers	10	3	1.94	not-in-dict,inflected
2438	-2.07	pesters	7	2	1.63	not-in-dict,inflected
2439	-2.07	plowshares	10	2	1.93	not-in-dict,inflected
2440	-2.07	polecats	8	2	1.63	not-in-dict,inflected
2441	-2.07	poohed	6	1	1.63	not-in-dict,inflected
2442	-2.07	priester	8	2	1.63	not-in-dict,inflected
2443	-2.08	paybacks	8	2	1.62	not-in-dict,inflected
2444	-2.08	prattling	9	2	1.92	not-in-dict,inflected
2445	-2.08	puttering	9	3	1.92	not-in-dict,inflected
2446	-2.09	pirouettes	10	3	1.91	not-in-dict,inflected
2447	-2.09	plucker	7	2	1.61	not-in-dict,inflected
2448	-2.1	paulos	6	2	1.6	not-in-dict,inflected
2449	-2.1	petering	8	3	1.6	not-in-dict,inflected
2450	-2.1	plinking	8	2	1.6	not-in-dict,inflected
2451	-2.1	plunking	8	2	1.6	not-in-dict,inflected
2452	-2.1	preened	7	1	1.6	not-in-dict,inflected
2453	-2.1	primroses	9	3	1.9	not-in-dict,inflected
2454	-2.13	phillipps	9	2	1.87	not-in-dict,inflected
2455	-2.14	powwows	7	2	1.56	not-in-dict,inflected
2456	-2.16	pantsuits	9	2	1.84	not-in-dict,inflected
2457	-2.16	porcher	7	2	1.54	not-in-dict,inflected
2458	-2.16	puentes	7	2	1.54	not-in-dict,inflected
2459	-2.16	pyles	5	1	1.54	not-in-dict,inflected
2460	-2.17	perplexes	9	3	1.83	not-in-dict,inflected
2461	-2.17	prus	4	1	1.53	not-in-dict,inflected
2462	-2.18	phagocytes	10	3	1.82	not-in-dict,inflected
2463	-2.18	porkers	7	2	1.52	not-in-dict,inflected
2464	-2.19	powdering	9	3	1.81	not-in-dict,inflected
2465	-2.2	packett	7	2	0.0	not-in-dict
2466	-2.2	pactel	6	2	0.0	not-in-dict
2467	-2.2	pacyna	6	3	0.0	not-in-dict
2468	-2.2	padgitt	7	2	0.0	not-in-dict
2469	-2.2	padrick	7	2	0.0	not-in-dict
2470	-2.2	padro	5	2	0.0	not-in-dict
2471	-2.2	pafford	7	2	0.0	not-in-dict
2472	-2.2	pagette	7	2	0.0	not-in-dict
2473	-2.2	pagey	5	2	0.0	not-in-dict
2474	-2.2	pagezy	6	3	0.0	not-in-dict
2475	-2.2	pagni	5	2	0.0	not-in-dict
2476	-2.2	pagnotta	8	3	0.0	not-in-dict
2477	-2.2	pahnos	6	2	0.0	not-in-dict
2478	-2.2	paighton	8	2	0.0	not-in-dict
2479	-2.2	pajole	6	2	0.0	not-in-dict
2480	-2.2	pajoli	6	3	0.0	not-in-dict
2481	-2.2	pakulski	8	3	0.0	not-in-dict
2482	-2.2	palansky	8	3	0.0	not-in-dict
2483	-2.2	palauans	8	3	0.0	not-in-dict
2484	-2.2	palca	5	2	0.0	not-in-dict
2485	-2.2	paldon	6	2	0.0	not-in-dict
2486	-2.2	palecek	7	3	0.0	not-in-dict
2487	-2.2	palinkas	8	3	0.0	not-in-dict
2488	-2.2	palkar	6	2	0.0	not-in-dict
2489	-2.2	palkovic	8	3	0.0	not-in-dict
2490	-2.2	pallante	8	3	0.0	not-in-dict
2491	-2.2	palmiter	8	3	0.0	not-in-dict
2492	-2.2	palombi	7	3	0.0	not-in-dict
2493	-2.2	palone	6	2	0.0	not-in-dict
2494	-2.2	palton	6	2	0.0	not-in-dict
2495	-2.2	paluck	6	2	0.0	not-in-dict
2496	-2.2	paluzzi	7	3	0.0	not-in-dict
2497	-2.2	pamacho	7	3	0.0	not-in-dict
2498	-2.2	pamour	6	2	0.0	not-in-dict
2499	-2.2	pampel	6	2	0.0	not-in-dict
2500	-2.2	pamperin	8	3	0.0	not-in-dict
2501	-2.2	panaco	6	3	0.0	not-in-dict
2502	-2.2	panagos	7	3	0.0	not-in-dict
2503	-2.2	pancer	6	2	0.0	not-in-dict
2504	-2.2	panciera	8	3	0.0	not-in-dict
2505	-2.2	pandick	7	2	0.0	not-in-dict
2506	-2.2	panelize	8	3	0.0	not-in-dict
2507	-2.2	panfida	7	3	0.0	not-in-dict
2508	-2.2	panfile	7	2	0.0	not-in-dict
2509	-2.2	pangallo	8	3	0.0	not-in-dict
2510	-2.2	pangels	7	2	0.0	not-in-dict
2511	-2.2	paniccia	8	3	0.0	not-in-dict
2512	-2.2	pankau	6	2	0.0	not-in-dict
2513	-2.2	pankki	6	2	0.0	not-in-dict
2514	-2.2	pankonin	8	3	0.0	not-in-dict
2515	-2.2	pannill	7	2	0.0	not-in-dict
2516	-2.2	pannullo	8	3	0.0	not-in-dict
2517	-2.2	panozzo	7	3	0.0	not-in-dict
2518	-2.2	panphila	8	3	0.0	not-in-dict
2519	-2.2	pantel	6	2	0.0	not-in-dict
2520	-2.2	pantuso	7	3	0.0	not-in-dict
2521	-2.2	panzica	7	3	0.0	not-in-dict
2522	-2.2	papay	5	2	0.0	not-in-dict
2523	-2.2	papesh	6	2	0.0	not-in-dict
2524	-2.2	papson	6	2	0.0	not-in-dict
2525	-2.2	paque	5	1	0.0	not-in-dict
2526	-2.2	paradee	7	3	0.0	not-in-dict
2527	-2.2	paradyne	8	3	0.0	not-in-dict
2528	-2.2	paramax	7	3	0.0	not-in-dict
2529	-2.2	parde	5	1	0.0	not-in-dict
2530	-2.2	parden	6	2	0.0	not-in-dict
2531	-2.2	pardini	7	3	0.0	not-in-dict
2532	-2.2	paredez	7	3	0.0	not-in-dict
2533	-2.2	paredis	7	3	0.0	not-in-dict
2534	-2.2	paredo	6	3	0.0	not-in-dict
2535	-2.2	parella	7	3	0.0	not-in-dict
2536	-2.2	pareti	6	3	0.0	not-in-dict
2537	-2.2	paretti	7	3	0.0	not-in-dict
2538	-2.2	pargesa	7	3	0.0	not-in-dict
2539	-2.2	pariseau	8	3	0.0	not-in-dict
2540	-2.2	parizek	7	3	0.0	not-in-dict
2541	-2.2	parizo	6	3	0.0	not-in-dict
2542	-2.2	parkison	8	3	0.0	not-in-dict
2543	-2.2	parlette	8	2	0.0	not-in-dict
2544	-2.2	parlodel	8	3	0.0	not-in-dict
2545	-2.2	parmeter	8	3	0.0	not-in-dict
2546	-2.2	parnella	8	3	0.0	not-in-dict
2547	-2.2	parness	7	2	0.0	not-in-dict
2548	-2.2	parpart	7	2	0.0	not-in-dict
2549	-2.2	parrent	7	2	0.0	not-in-dict
2550	-2.2	parretti	8	3	0.0	not-in-dict
2551	-2.2	parrill	7	2	0.0	not-in-dict
2552	-2.2	parriott	8	3	0.0	not-in-dict
2553	-2.2	parrotta	8	3	0.0	not-in-dict
2554	-2.2	parrow	6	2	0.0	not-in-dict
2555	-2.2	parsefal	8	3	0.0	not-in-dict
2556	-2.2	parshley	8	2	0.0	not-in-dict
2557	-2.2	parsky	6	2	0.0	not-in-dict
2558	-2.2	parsow	6	2	0.0	not-in-dict
2559	-2.2	parten	6	2	0.0	not-in-dict
2560	-2.2	partney	7	2	0.0	not-in-dict
2561	-2.2	partyka	7	3	0.0	not-in-dict
2562	-2.2	parzych	7	2	0.0	not-in-dict
2563	-2.2	pascutto	8	3	0.0	not-in-dict
2564	-2.2	pascuzzi	8	3	0.0	not-in-dict
2565	-2.2	pasillas	8	3	0.0	not-in-dict
2566	-2.2	paskey	6	2	0.0	not-in-dict
2567	-2.2	pasman	6	2	0.0	not-in-dict
2568	-2.2	passante	8	3	0.0	not-in-dict
2569	-2.2	passino	7	3	0.0	not-in-dict
2570	-2.2	pastula	7	3	0.0	not-in-dict
2571	-2.2	paszek	6	2	0.0	not-in-dict
2572	-2.2	patak	5	2	0.0	not-in-dict
2573	-2.2	patane	6	2	0.0	not-in-dict
2574	-2.2	patasse	7	2	0.0	not-in-dict
2575	-2.2	patese	6	2	0.0	not-in-dict
2576	-2.2	patlan	6	2	0.0	not-in-dict
2577	-2.2	patlex	6	2	0.0	not-in-dict
2578	-2.2	patnaude	8	3	0.0	not-in-dict
2579	-2.2	patnode	7	2	0.0	not-in-dict
2580	-2.2	patricof	8	3	0.0	not-in-dict
2581	-2.2	pattin	6	2	0.0	not-in-dict
2582	-2.2	pattiz	6	2	0.0	not-in-dict
2583	-2.2	patuxet	7	3	0.0	not-in-dict
2584	-2.2	patzke	6	2	0.0	not-in-dict
2585	-2.2	paulhus	7	2	0.0	not-in-dict
2586	-2.2	paulick	7	2	0.0	not-in-dict
2587	-2.2	paulik	6	2	0.0	not-in-dict
2588	-2.2	paulita	7	3	0.0	not-in-dict
2589	-2.2	paustian	8	2	0.0	not-in-dict
2590	-2.2	pautler	7	2	0.0	not-in-dict
2591	-2.2	pautsch	7	1	0.0	not-in-dict
2592	-2.2	pautz	5	1	0.0	not-in-dict
2593	-2.2	pavek	5	2	0.0	not-in-dict
2594	-2.2	pavelic	7	2	0.0	not-in-dict
2595	-2.2	pavelko	7	3	0.0	not-in-dict
2596	-2.2	pavlak	6	2	0.0	not-in-dict
2597	-2.2	pavlic	6	2	0.0	not-in-dict
2598	-2.2	pavlica	7	3	0.0	not-in-dict
2599	-2.2	pavlicek	8	3	0.0	not-in-dict
2600	-2.2	pavlick	7	2	0.0	not-in-dict
2601	-2.2	pavlis	6	2	0.0	not-in-dict
2602	-2.2	pavlock	7	2	0.0	not-in-dict
2603	-2.2	pawelek	7	3	0.0	not-in-dict
2604	-2.2	pawelski	8	3	0.0	not-in-dict
2605	-2.2	pawelsky	8	3	0.0	not-in-dict
2606	-2.2	pawlicki	8	3	0.0	not-in-dict
2607	-2.2	pawloski	8	3	0.0	not-in-dict
2608	-2.2	pawluk	6	2	0.0	not-in-dict
2609	-2.2	pawnshops	9	2	1.8	not-in-dict,inflected
2610	-2.2	paxar	5	2	0.0	not-in-dict
2611	-2.2	payco	5	2	0.0	not-in-dict
2612	-2.2	payeur	6	2	0.0	not-in-dict
2613	-2.2	paymer	6	2	0.0	not-in-dict
2614	-2.2	payna	5	2	0.0	not-in-dict
2615	-2.2	paysop	6	2	0.0	not-in-dict
2616	-2.2	pazner	6	2	0.0	not-in-dict
2617	-2.2	pazuto	6	3	0.0	not-in-dict
2618	-2.2	peaden	6	2	0.0	not-in-dict
2619	-2.2	peagler	7	2	0.0	not-in-dict
2620	-2.2	peasey	6	2	0.0	not-in-dict
2621	-2.2	peatross	8	2	0.0	not-in-dict
2622	-2.2	peavler	7	2	0.0	not-in-dict
2623	-2.2	pebereau	8	3	0.0	not-in-dict
2624	-2.2	pebley	6	2	0.0	not-in-dict
2625	-2.2	pecanins	8	3	0.0	not-in-dict
2626	-2.2	pechacek	8	3	0.0	not-in-dict
2627	-2.2	pechin	6	2	0.0	not-in-dict
2628	-2.2	pecht	5	1	0.0	not-in-dict
2629	-2.2	pecina	6	3	0.0	not-in-dict
2630	-2.2	pecka	5	2	0.0	not-in-dict
2631	-2.2	peckman	7	2	0.0	not-in-dict
2632	-2.2	pecor	5	2	0.0	not-in-dict
2633	-2.2	pecore	6	3	0.0	not-in-dict
2634	-2.2	pecot	5	2	0.0	not-in-dict
2635	-2.2	pedone	6	3	0.0	not-in-dict
2636	-2.2	pedroli	7	3	0.0	not-in-dict
2637	-2.2	pedrotti	8	3	0.0	not-in-dict
2638	-2.2	peebler	7	2	0.0	not-in-dict
2639	-2.2	peedin	6	2	0.0	not-in-dict
2640	-2.2	peerson	7	2	0.0	not-in-dict
2641	-2.2	peevy	5	2	0.0	not-in-dict
2642	-2.2	peffley	7	2	0.0	not-in-dict
2643	-2.2	peglow	6	2	0.0	not-in-dict
2644	-2.2	pehl	4	1	0.0	not-in-dict
2645	-2.2	peipu	5	2	0.0	not-in-dict
2646	-2.2	peitz	5	1	0.0	not-in-dict
2647	-2.2	pekala	6	3	0.0	not-in-dict
2648	-2.2	pekarek	7	3	0.0	not-in-dict
2649	-2.2	pekrul	6	2	0.0	not-in-dict
2650	-2.2	peladeau	8	3	0.0	not-in-dict
2651	-2.2	pelchat	7	2	0.0	not-in-dict
2652	-2.2	pelczar	7	2	0.0	not-in-dict
2653	-2.2	pelino	6	3	0.0	not-in-dict
2654	-2.2	pelky	5	2	0.0	not-in-dict
2655	-2.2	pelland	7	2	0.0	not-in-dict
2656	-2.2	pellett	7	2	0.0	not-in-dict
2657	-2.2	pelleu	6	2	0.0	not-in-dict
2658	-2.2	pellum	6	2	0.0	not-in-dict
2659	-2.2	pelot	5	2	0.0	not-in-dict
2660	-2.2	pelster	7	2	0.0	not-in-dict
2661	-2.2	pelto	5	2	0.0	not-in-dict
2662	-2.2	pelzel	6	2	0.0	not-in-dict
2663	-2.2	pemble	6	2	0.0	not-in-dict
2664	-2.2	pemrich	7	2	0.0	not-in-dict
2665	-2.2	penans	6	2	0.0	not-in-dict
2666	-2.2	pendell	7	2	0.0	not-in-dict
2667	-2.2	pendola	7	3	0.0	not-in-dict
2668	-2.2	pendril	7	2	0.0	not-in-dict
2669	-2.2	pendyala	8	3	0.0	not-in-dict
2670	-2.2	penelas	7	3	0.0	not-in-dict
2671	-2.2	penfil	6	2	0.0	not-in-dict
2672	-2.2	penikese	8	3	0.0	not-in-dict
2673	-2.2	peninger	8	3	0.0	not-in-dict
2674	-2.2	penix	5	2	0.0	not-in-dict
2675	-2.2	penja	5	2	0.0	not-in-dict
2676	-2.2	penkala	7	3	0.0	not-in-dict
2677	-2.2	penkava	7	3	0.0	not-in-dict
2678	-2.2	penncorp	8	2	0.0	not-in-dict
2679	-2.2	pennella	8	3	0.0	not-in-dict
2680	-2.2	pennex	6	2	0.0	not-in-dict
2681	-2.2	pennick	7	2	0.0	not-in-dict
2682	-2.2	pennino	7	3	0.0	not-in-dict
2683	-2.2	pennix	6	2	0.0	not-in-dict
2684	-2.2	pennwalt	8	2	0.0	not-in-dict
2685	-2.2	penoyer	7	3	0.0	not-in-dict
2686	-2.2	penril	6	2	0.0	not-in-dict
2687	-2.2	pensyl	6	2	0.0	not-in-dict
2688	-2.2	pentech	7	2	0.0	not-in-dict
2689	-2.2	penthea	7	3	0.0	not-in-dict
2690	-2.2	pentron	7	2	0.0	not-in-dict
2691	-2.2	pentrust	8	2	0.0	not-in-dict
2692	-2.2	penwell	7	2	0.0	not-in-dict
2693	-2.2	penwest	7	2	0.0	not-in-dict
2694	-2.2	peplow	6	2	0.0	not-in-dict
2695	-2.2	peppel	6	2	0.0	not-in-dict
2696	-2.2	perala	6	3	0.0	not-in-dict
2697	-2.2	peralez	7	3	0.0	not-in-dict
2698	-2.2	peratis	7	3	0.0	not-in-dict
2699	-2.2	perazzo	7	3	0.0	not-in-dict
2700	-2.2	percell	7	2	0.0	not-in-dict
2701	-2.2	percle	6	2	0.0	not-in-dict
2702	-2.2	peregoy	7	3	0.0	not-in-dict
2703	-2.2	pergande	8	2	0.0	not-in-dict
2704	-2.2	perich	6	2	0.0	not-in-dict
2705	-2.2	perigo	6	3	0.0	not-in-dict
2706	-2.2	periman	7	3	0.0	not-in-dict
2707	-2.2	perkey	6	2	0.0	not-in-dict
2708	-2.2	perlberg	8	2	0.0	not-in-dict
2709	-2.2	permiam	7	3	0.0	not-in-dict
2710	-2.2	permount	8	2	0.0	not-in-dict
2711	-2.2	permut	6	2	0.0	not-in-dict
2712	-2.2	pernella	8	3	0.0	not-in-dict
2713	-2.2	perno	5	2	0.0	not-in-dict
2714	-2.2	perovich	8	3	0.0	not-in-dict
2715	-2.2	perrell	7	2	0.0	not-in-dict
2716	-2.2	perretti	8	3	0.0	not-in-dict
2717	-2.2	perrino	7	3	0.0	not-in-dict
2718	-2.2	perrodin	8	3	0.0	not-in-dict
2719	-2.2	perrotto	8	3	0.0	not-in-dict
2720	-2.2	perryn	6	2	0.0	not-in-dict
2721	-2.2	persall	7	2	0.0	not-in-dict
2722	-2.2	perset	6	2	0.0	not-in-dict
2723	-2.2	pershall	8	2	0.0	not-in-dict
2724	-2.2	pershare	8	2	0.0	not-in-dict
2725	-2.2	persley	7	2	0.0	not-in-dict
2726	-2.2	personic	8	3	0.0	not-in-dict
2727	-2.2	persyn	6	2	0.0	not-in-dict
2728	-2.2	pertuit	7	2	0.0	not-in-dict
2729	-2.2	perulac	7	3	0.0	not-in-dict
2730	-2.2	perusse	7	3	0.0	not-in-dict
2731	-2.2	perz	4	1	0.0	not-in-dict
2732	-2.2	peshek	6	2	0.0	not-in-dict
2733	-2.2	pesina	6	3	0.0	not-in-dict
2734	-2.2	pesnell	7	2	0.0	not-in-dict
2735	-2.2	pesola	6	3	0.0	not-in-dict
2736	-2.2	pessin	6	2	0.0	not-in-dict
2737	-2.2	pestillo	8	3	0.0	not-in-dict
2738	-2.2	pestka	6	2	0.0	not-in-dict
2739	-2.2	petak	5	2	0.0	not-in-dict
2740	-2.2	petery	6	3	0.0	not-in-dict
2741	-2.2	pethel	6	2	0.0	not-in-dict
2742	-2.2	pethtel	7	2	0.0	not-in-dict
2743	-2.2	petillo	7	3	0.0	not-in-dict
2744	-2.2	petino	6	3	0.0	not-in-dict
2745	-2.2	petito	6	3	0.0	not-in-dict
2746	-2.2	petitti	7	3	0.0	not-in-dict
2747	-2.2	petitto	7	3	0.0	not-in-dict
2748	-2.2	petkus	6	2	0.0	not-in-dict
2749	-2.2	petrak	6	2	0.0	not-in-dict
2750	-2.2	petrasek	8	3	0.0	not-in-dict
2751	-2.2	petrash	7	2	0.0	not-in-dict
2752	-2.2	petrey	6	2	0.0	not-in-dict
2753	-2.2	petrilla	8	3	0.0	not-in-dict
2754	-2.2	petrizzo	8	3	0.0	not-in-dict
2755	-2.2	petromin	8	3	0.0	not-in-dict
2756	-2.2	petrosky	8	3	0.0	not-in-dict
2757	-2.2	petruska	8	3	0.0	not-in-dict
2758	-2.2	petsche	7	1	0.0	not-in-dict
2759	-2.2	petstuff	8	2	0.0	not-in-dict
2760	-2.2	pettaway	8	3	0.0	not-in-dict
2761	-2.2	pettee	6	2	0.0	not-in-dict
2762	-2.2	pettey	6	2	0.0	not-in-dict
2763	-2.2	pettry	6	2	0.0	not-in-dict
2764	-2.2	petway	6	2	0.0	not-in-dict
2765	-2.2	petzoldt	8	2	0.0	not-in-dict
2766	-2.2	peugh	5	1	0.0	not-in-dict
2767	-2.2	peveler	7	3	0.0	not-in-dict
2768	-2.2	peveto	6	3	0.0	not-in-dict
2769	-2.2	pevey	5	2	0.0	not-in-dict
2770	-2.2	pewex	5	2	0.0	not-in-dict
2771	-2.2	pewitt	6	2	0.0	not-in-dict
2772	-2.2	peyot	5	2	0.0	not-in-dict
2773	-2.2	pezim	5	2	0.0	not-in-dict
2774	-2.2	pezza	5	2	0.0	not-in-dict
2775	-2.2	pezzella	8	3	0.0	not-in-dict
2776	-2.2	pfahl	5	1	0.0	not-in-dict
2777	-2.2	pfarr	5	1	0.0	not-in-dict
2778	-2.2	pfeiff	6	1	0.0	not-in-dict
2779	-2.2	pfeifle	7	2	0.0	not-in-dict
2780	-2.2	pfenning	8	2	0.0	not-in-dict
2781	-2.2	pfeuffer	8	2	0.0	not-in-dict
2782	-2.2	pfiester	8	2	0.0	not-in-dict
2783	-2.2	pfiffner	8	2	0.0	not-in-dict
2784	-2.2	pflieger	8	2	0.0	not-in-dict
2785	-2.2	pflum	5	1	0.0	not-in-dict
2786	-2.2	pfost	5	1	0.0	not-in-dict
2787	-2.2	phariss	7	2	0.0	not-in-dict
2788	-2.2	pharris	7	2	0.0	not-in-dict
2789	-2.2	phedra	6	2	0.0	not-in-dict
2790	-2.2	phenfen	7	2	0.0	not-in-dict
2791	-2.2	phenicie	8	3	0.0	not-in-dict
2792	-2.2	pherigo	7	3	0.0	not-in-dict
2793	-2.2	pherson	7	2	0.0	not-in-dict
2794	-2.2	phibro	6	2	0.0	not-in-dict
2795	-2.2	philana	7	3	0.0	not-in-dict
2796	-2.2	philbeck	8	2	0.0	not-in-dict
2797	-2.2	philene	7	2	0.0	not-in-dict
2798	-2.2	phileo	6	3	0.0	not-in-dict
2799	-2.2	philida	7	3	0.0	not-in-dict
2800	-2.2	philina	7	3	0.0	not-in-dict
2801	-2.2	philley	7	2	0.0	not-in-dict
2802	-2.2	philson	7	2	0.0	not-in-dict
2803	-2.2	philyaw	7	2	0.0	not-in-dict
2804	-2.2	photoop	7	3	0.0	not-in-dict
2805	-2.2	phyllys	7	2	0.0	not-in-dict
2806	-2.2	piascik	7	3	0.0	not-in-dict
2807	-2.2	picazo	6	3	0.0	not-in-dict
2808	-2.2	picchi	6	2	0.0	not-in-dict
2809	-2.2	piccione	8	3	0.0	not-in-dict
2810	-2.2	picheny	7	3	0.0	not-in-dict
2811	-2.2	picht	5	1	0.0	not-in-dict
2812	-2.2	picinich	8	3	0.0	not-in-dict
2813	-2.2	pickart	7	2	0.0	not-in-dict
2814	-2.2	pickeral	8	3	0.0	not-in-dict
2815	-2.2	pickert	7	2	0.0	not-in-dict
2816	-2.2	pickrel	7	2	0.0	not-in-dict
2817	-2.2	pickren	7	3	0.0	not-in-dict
2818	-2.2	pickron	7	2	0.0	not-in-dict
2819	-2.2	pickus	6	2	0.0	not-in-dict
2820	-2.2	picop	5	2	0.0	not-in-dict
2821	-2.2	picotte	7	2	0.0	not-in-dict
2822	-2.2	picou	5	2	0.0	not-in-dict
2823	-2.2	piechota	8	3	0.0	not-in-dict
2824	-2.2	piecuch	7	2	0.0	not-in-dict
2825	-2.2	piela	5	2	0.0	not-in-dict
2826	-2.2	pienta	6	2	0.0	not-in-dict
2827	-2.2	piepgras	8	2	0.0	not-in-dict
2828	-2.2	piepho	6	2	0.0	not-in-dict
2829	-2.2	pieratt	7	2	0.0	not-in-dict
2830	-2.2	pierette	8	2	0.0	not-in-dict
2831	-2.2	pierie	6	3	0.0	not-in-dict
2832	-2.2	pierman	7	2	0.0	not-in-dict
2833	-2.2	piersol	7	2	0.0	not-in-dict
2834	-2.2	pietila	7	3	0.0	not-in-dict
2835	-2.2	pietras	7	2	0.0	not-in-dict
2836	-2.2	pietrzak	8	3	0.0	not-in-dict
2837	-2.2	pietrzyk	8	3	0.0	not-in-dict
2838	-2.2	pietz	5	1	0.0	not-in-dict
2839	-2.2	pigan	5	2	0.0	not-in-dict
2840	-2.2	piggee	6	2	0.0	not-in-dict
2841	-2.2	pigmied	7	2	0.0	not-in-dict
2842	-2.2	pignato	7	3	0.0	not-in-dict
2843	-2.2	pignone	7	3	0.0	not-in-dict
2844	-2.2	pigue	5	1	0.0	not-in-dict
2845	-2.2	pikula	6	3	0.0	not-in-dict
2846	-2.2	piland	6	2	0.0	not-in-dict
2847	-2.2	pilant	6	2	0.0	not-in-dict
2848	-2.2	pilarski	8	3	0.0	not-in-dict
2849	-2.2	pilevsky	8	3	0.0	not-in-dict
2850	-2.2	pilgreen	8	2	0.0	not-in-dict
2851	-2.2	pilnak	6	2	0.0	not-in-dict
2852	-2.2	pilotte	7	2	0.0	not-in-dict
2853	-2.2	pinckard	8	2	0.0	not-in-dict
2854	-2.2	pinegar	7	3	0.0	not-in-dict
2855	-2.2	pineo	5	3	0.0	not-in-dict
2856	-2.2	pinetta	7	3	0.0	not-in-dict
2857	-2.2	pingley	7	2	0.0	not-in-dict
2858	-2.2	pinneo	6	3	0.0	not-in-dict
2859	-2.2	pinnix	6	2	0.0	not-in-dict
2860	-2.2	pinnow	6	2	0.0	not-in-dict
2861	-2.2	pinola	6	3	0.0	not-in-dict
2862	-2.2	pinshan	7	2	0.0	not-in-dict
2863	-2.2	pinyan	6	2	0.0	not-in-dict
2864	-2.2	piotter	7	3	0.0	not-in-dict
2865	-2.2	pipetec	7	2	0.0	not-in-dict
2866	-2.2	pipitone	8	3	0.0	not-in-dict
2867	-2.2	pippert	7	2	0.0	not-in-dict
2868	-2.2	pippins	7	2	1.5	not-in-dict,inflected
2869	-2.2	piraino	7	3	0.0	not-in-dict
2870	-2.2	pirkey	6	2	0.0	not-in-dict
2871	-2.2	pirkl	5	2	0.0	not-in-dict
2872	-2.2	pirko	5	2	0.0	not-in-dict
2873	-2.2	pirone	6	2	0.0	not-in-dict
2874	-2.2	pirozzi	7	3	0.0	not-in-dict
2875	-2.2	pirrello	8	3	0.0	not-in-dict
2876	-2.2	pirrone	7	3	0.0	not-in-dict
2877	-2.2	pisarek	7	3	0.0	not-in-dict
2878	-2.2	pisarski	8	3	0.0	not-in-dict
2879	-2.2	pisca	5	2	0.0	not-in-dict
2880	-2.2	pischel	7	2	0.0	not-in-dict
2881	-2.2	pischke	7	1	0.0	not-in-dict
2882	-2.2	pisello	7	3	0.0	not-in-dict
2883	-2.2	pistilli	8	3	0.0	not-in-dict
2884	-2.2	pitcock	7	2	0.0	not-in-dict
2885	-2.2	pitner	6	2	0.0	not-in-dict
2886	-2.2	pitofsky	8	3	0.0	not-in-dict
2887	-2.2	pitsch	6	1	0.0	not-in-dict
2888	-2.2	pitstick	8	2	0.0	not-in-dict
2889	-2.2	pitswon	7	2	0.0	not-in-dict
2890	-2.2	pittle	6	2	0.0	not-in-dict
2891	-2.2	pittner	7	2	0.0	not-in-dict
2892	-2.2	pittsley	8	2	0.0	not-in-dict
2893	-2.2	pitzen	6	2	0.0	not-in-dict
2894	-2.2	piver	5	2	0.0	not-in-dict
2895	-2.2	pivonka	7	3	0.0	not-in-dict
2896	-2.2	pixler	6	2	0.0	not-in-dict
2897	-2.2	pizana	6	3	0.0	not-in-dict
2898	-2.2	pizano	6	3	0.0	not-in-dict
2899	-2.2	pizatti	7	3	0.0	not-in-dict
2900	-2.2	pizzano	7	3	0.0	not-in-dict
2901	-2.2	pizzino	7	3	0.0	not-in-dict
2902	-2.2	pizzuti	7	3	0.0	not-in-dict
2903	-2.2	placeta	7	3	0.0	not-in-dict
2904	-2.2	placeway	8	2	0.0	not-in-dict
2905	-2.2	placke	6	1	0.0	not-in-dict
2906	-2.2	placko	6	2	0.0	not-in-dict
2907	-2.2	plagge	6	1	0.0	not-in-dict
2908	-2.2	plaia	5	2	0.0	not-in-dict
2909	-2.2	plaino	6	2	0.0	not-in-dict
2910	-2.2	plair	5	1	0.0	not-in-dict
2911	-2.2	plake	5	1	0.0	not-in-dict
2912	-2.2	plamann	7	2	0.0	not-in-dict
2913	-2.2	plambeck	8	2	0.0	not-in-dict
2914	-2.2	planecon	8	2	0.0	not-in-dict
2915	-2.2	planers	7	2	1.5	not-in-dict,inflected
2916	-2.2	plantz	6	1	0.0	not-in-dict
2917	-2.2	plassard	8	2	0.0	not-in-dict
2918	-2.2	platek	6	2	0.0	not-in-dict
2919	-2.2	platona	7	3	0.0	not-in-dict
2920	-2.2	plauche	7	1	0.0	not-in-dict
2921	-2.2	plaugher	8	2	0.0	not-in-dict
2922	-2.2	plautz	6	1	0.0	not-in-dict
2923	-2.2	plavsic	7	2	0.0	not-in-dict
2924	-2.2	plazic	6	2	0.0	not-in-dict
2925	-2.2	plenet	6	2	0.0	not-in-dict
2926	-2.2	plenmeer	8	2	0.0	not-in-dict
2927	-2.2	plescia	7	2	0.0	not-in-dict
2928	-2.2	pleshar	7	2	0.0	not-in-dict
2929	-2.2	pleskow	7	2	0.0	not-in-dict
2930	-2.2	pletz	5	1	0.0	not-in-dict
2931	-2.2	pleva	5	2	0.0	not-in-dict
2932	-2.2	plewa	5	2	0.0	not-in-dict
2933	-2.2	plichta	7	2	0.0	not-in-dict
2934	-2.2	pliler	6	2	0.0	not-in-dict
2935	-2.2	plocar	6	2	0.0	not-in-dict
2936	-2.2	plocek	6	2	0.0	not-in-dict
2937	-2.2	ploch	5	1	0.0	not-in-dict
2938	-2.2	ploeger	7	2	0.0	not-in-dict
2939	-2.2	plohn	5	1	0.0	not-in-dict
2940	-2.2	plonka	6	2	0.0	not-in-dict
2941	-2.2	plonski	7	2	0.0	not-in-dict
2942	-2.2	ploof	5	1	0.0	not-in-dict
2943	-2.2	ploss	5	1	0.0	not-in-dict
2944	-2.2	plotner	7	2	0.0	not-in-dict
2945	-2.2	plouff	6	1	0.0	not-in-dict
2946	-2.2	plude	5	1	0.0	not-in-dict
2947	-2.2	plumeri	7	3	0.0	not-in-dict
2948	-2.2	plunkitt	8	2	0.0	not-in-dict
2949	-2.2	pluth	5	1	0.0	not-in-dict
2950	-2.2	plybon	6	2	0.0	not-in-dict
2951	-2.2	plymale	7	2	0.0	not-in-dict
2952	-2.2	pobanz	6	2	0.0	not-in-dict
2953	-2.2	pobla	5	2	0.0	not-in-dict
2954	-2.2	pobst	5	1	0.0	not-in-dict
2955	-2.2	pochiluk	8	3	0.0	not-in-dict
2956	-2.2	pociask	7	3	0.0	not-in-dict
2957	-2.2	pocius	6	3	0.0	not-in-dict
2958	-2.2	poclain	7	2	0.0	not-in-dict
2959	-2.2	podany	6	3	0.0	not-in-dict
2960	-2.2	podleska	8	3	0.0	not-in-dict
2961	-2.2	podnar	6	2	0.0	not-in-dict
2962	-2.2	podolak	7	3	0.0	not-in-dict
2963	-2.2	podoll	6	2	0.0	not-in-dict
2964	-2.2	podrasky	8	3	0.0	not-in-dict
2965	-2.2	podraza	7	3	0.0	not-in-dict
2966	-2.2	poduska	7	3	0.0	not-in-dict
2967	-2.2	poehl	5	1	0.0	not-in-dict
2968	-2.2	poehlman	8	2	0.0	not-in-dict
2969	-2.2	poelman	7	2	0.0	not-in-dict
2970	-2.2	poeschel	8	2	0.0	not-in-dict
2971	-2.2	poeschl	7	2	0.0	not-in-dict
2972	-2.2	pofahl	6	2	0.0	not-in-dict
2973	-2.2	poinot	6	2	0.0	not-in-dict
2974	-2.2	poirrier	8	3	0.0	not-in-dict
2975	-2.2	poissant	8	2	0.0	not-in-dict
2976	-2.2	poitra	6	2	0.0	not-in-dict
2977	-2.2	pokorney	8	3	0.0	not-in-dict
2978	-2.2	pokorski	8	3	0.0	not-in-dict
2979	-2.2	polacek	7	3	0.0	not-in-dict
2980	-2.2	polakoff	8	3	0.0	not-in-dict
2981	-2.2	polandri	8	3	0.0	not-in-dict
2982	-2.2	polasek	7	3	0.0	not-in-dict
2983	-2.2	polasky	7	3	0.0	not-in-dict
2984	-2.2	polce	5	1	0.0	not-in-dict
2985	-2.2	polcyn	6	2	0.0	not-in-dict
2986	-2.2	polek	5	2	0.0	not-in-dict
2987	-2.2	polevoi	7	3	0.0	not-in-dict
2988	-2.2	polhamus	8	3	0.0	not-in-dict
2989	-2.2	polich	6	2	0.0	not-in-dict
2990	-2.2	polino	6	3	0.0	not-in-dict
2991	-2.2	polinski	8	3	0.0	not-in-dict
2992	-2.2	politte	7	2	0.0	not-in-dict
2993	-2.2	politz	6	2	0.0	not-in-dict
2994	-2.2	polivka	7	3	0.0	not-in-dict
2995	-2.2	pollett	7	2	0.0	not-in-dict
2996	-2.2	pollick	7	2	0.0	not-in-dict
2997	-2.2	pollino	7	3	0.0	not-in-dict
2998	-2.2	pollman	7	2	0.0	not-in-dict
2999	-2.2	pollner	7	2	0.0	not-in-dict
3000	-2.2	polsby	6	2	0.0	not-in-dict
3001	-2.2	polskin	7	2	0.0	not-in-dict
3002	-2.2	polston	7	2	0.0	not-in-dict
3003	-2.2	poltrack	8	2	0.0	not-in-dict
3004	-2.2	polycast	8	3	0.0	not-in-dict
3005	-2.2	polysar	7	3	0.0	not-in-dict
3006	-2.2	polzer	6	2	0.0	not-in-dict
3007	-2.2	pompadur	8	3	0.0	not-in-dict
3008	-2.2	pomplun	7	2	0.0	not-in-dict
3009	-2.2	pomrenze	8	2	0.0	not-in-dict
3010	-2.2	ponchan	7	2	0.0	not-in-dict
3011	-2.2	pondimin	8	3	0.0	not-in-dict
3012	-2.2	pongratz	8	2	0.0	not-in-dict
3013	-2.2	ponsolle	8	2	0.0	not-in-dict
3014	-2.2	pontikes	8	3	0.0	not-in-dict
3015	-2.2	pontillo	8	3	0.0	not-in-dict
3016	-2.2	pontious	8	2	0.0	not-in-dict
3017	-2.2	ponzetti	8	3	0.0	not-in-dict
3018	-2.2	poolas	6	2	0.0	not-in-dict
3019	-2.2	pooser	6	2	0.0	not-in-dict
3020	-2.2	popek	5	2	0.0	not-in-dict
3021	-2.2	popelka	7	3	0.0	not-in-dict
3022	-2.2	popick	6	2	0.0	not-in-dict
3023	-2.2	popik	5	2	0.0	not-in-dict
3024	-2.2	popken	6	2	0.0	not-in-dict
3025	-2.2	popko	5	2	0.0	not-in-dict
3026	-2.2	popowski	8	3	0.0	not-in-dict
3027	-2.2	poppell	7	2	0.0	not-in-dict
3028	-2.2	popwell	7	2	0.0	not-in-dict
3029	-2.2	poquette	8	2	0.0	not-in-dict
3030	-2.2	porada	6	3	0.0	not-in-dict
3031	-2.2	porcella	8	3	0.0	not-in-dict
3032	-2.2	porchia	7	3	0.0	not-in-dict
3033	-2.2	pordy	5	2	0.0	not-in-dict
3034	-2.2	poremba	7	3	0.0	not-in-dict
3035	-2.2	porrazzo	8	3	0.0	not-in-dict
3036	-2.2	porreca	7	3	0.0	not-in-dict
3037	-2.2	porretta	8	3	0.0	not-in-dict
3038	-2.2	portec	6	2	0.0	not-in-dict
3039	-2.2	portee	6	2	0.0	not-in-dict
3040	-2.2	portell	7	2	0.0	not-in-dict
3041	-2.2	portera	7	3	0.0	not-in-dict
3042	-2.2	portney	7	2	0.0	not-in-dict
3043	-2.2	portz	5	1	0.0	not-in-dict
3044	-2.2	poshard	7	2	0.0	not-in-dict
3045	-2.2	posluns	7	2	0.0	not-in-dict
3046	-2.2	posnick	7	2	0.0	not-in-dict
3047	-2.2	possehl	7	2	0.0	not-in-dict
3048	-2.2	postema	7	3	0.0	not-in-dict
3049	-2.2	postit	6	2	0.0	not-in-dict
3050	-2.2	postrel	7	2	0.0	not-in-dict
3051	-2.2	potamkin	8	3	0.0	not-in-dict
3052	-2.2	poteete	7	2	0.0	not-in-dict
3053	-2.2	potempa	7	3	0.0	not-in-dict
3054	-2.2	pothitos	8	3	0.0	not-in-dict
3055	-2.2	potiker	7	3	0.0	not-in-dict
3056	-2.2	potratz	7	2	0.0	not-in-dict
3057	-2.2	potthoff	8	2	0.0	not-in-dict
3058	-2.2	pottorff	8	2	0.0	not-in-dict
3059	-2.2	potucek	7	3	0.0	not-in-dict
3060	-2.2	poupard	7	2	0.0	not-in-dict
3061	-2.2	pourciau	8	3	0.0	not-in-dict
3062	-2.2	poussant	8	2	0.0	not-in-dict
3063	-2.2	pousson	7	2	0.0	not-in-dict
3064	-2.2	poust	5	1	0.0	not-in-dict
3065	-2.2	poutre	6	2	0.0	not-in-dict
3066	-2.2	powalsky	8	3	0.0	not-in-dict
3067	-2.2	powelson	8	3	0.0	not-in-dict
3068	-2.2	pozniak	7	3	0.0	not-in-dict
3069	-2.2	poznikov	8	3	0.0	not-in-dict
3070	-2.2	prab	4	1	0.0	not-in-dict
3071	-2.2	pracht	6	1	0.0	not-in-dict
3072	-2.2	pradetto	8	3	0.0	not-in-dict
3073	-2.2	pralle	6	1	0.0	not-in-dict
3074	-2.2	prapas	6	2	0.0	not-in-dict
3075	-2.2	prasek	6	2	0.0	not-in-dict
3076	-2.2	praun	5	1	0.0	not-in-dict
3077	-2.2	praytor	7	2	0.0	not-in-dict
3078	-2.2	prazak	6	2	0.0	not-in-dict
3079	-2.2	prchal	6	2	0.0	not-in-dict
3080	-2.2	preas	5	1	0.0	not-in-dict
3081	-2.2	prebe	5	1	0.0	not-in-dict
3082	-2.2	prebon	6	2	0.0	not-in-dict
3083	-2.2	preceed	7	2	0.0	not-in-dict
3084	-2.2	prechtl	7	2	0.0	not-in-dict
3085	-2.2	precrash	8	2	0.0	not-in-dict
3086	-2.2	predmore	8	2	0.0	not-in-dict
3087	-2.2	preempting	10	3	1.8	not-in-dict,inflected
3088	-2.2	pregler	7	2	0.0	not-in-dict
3089	-2.2	preheim	7	2	0.0	not-in-dict
3090	-2.2	preisig	7	2	0.0	not-in-dict
3091	-2.2	preisler	8	2	0.0	not-in-dict
3092	-2.2	premark	7	2	0.0	not-in-dict
3093	-2.2	prenger	7	2	0.0	not-in-dict
3094	-2.2	prenn	5	1	0.0	not-in-dict
3095	-2.2	preschel	8	2	0.0	not-in-dict
3096	-2.2	prescher	8	2	0.0	not-in-dict
3097	-2.2	preslar	7	2	0.0	not-in-dict
3098	-2.2	presler	7	2	0.0	not-in-dict
3099	-2.2	presnall	8	2	0.0	not-in-dict
3100	-2.2	presplit	8	2	0.0	not-in-dict
3101	-2.2	presstek	8	2	0.0	not-in-dict
3102	-2.2	prestech	8	2	0.0	not-in-dict
3103	-2.2	presutti	8	3	0.0	not-in-dict
3104	-2.2	preszler	8	2	0.0	not-in-dict
3105	-2.2	pretti	6	2	0.0	not-in-dict
3106	-2.2	pretzer	7	2	0.0	not-in-dict
3107	-2.2	preussag	8	2	0.0	not-in-dict
3108	-2.2	prevatt	7	2	0.0	not-in-dict
3109	-2.2	prevatte	8	2	0.0	not-in-dict
3110	-2.2	prevette	8	2	0.0	not-in-dict
3111	-2.2	previti	7	3	0.0	not-in-dict
3112	-2.2	prevo	5	2	0.0	not-in-dict
3113	-2.2	preway	6	2	0.0	not-in-dict
3114	-2.2	preyista	8	3	0.0	not-in-dict
3115	-2.2	prezzano	8	3	0.0	not-in-dict
3116	-2.2	pribble	7	2	0.0	not-in-dict
3117	-2.2	pribula	7	3	0.0	not-in-dict
3118	-2.2	pribyl	6	2	0.0	not-in-dict
3119	-2.2	prichett	8	2	0.0	not-in-dict
3120	-2.2	pricor	6	2	0.0	not-in-dict
3121	-2.2	prigge	6	1	0.0	not-in-dict
3122	-2.2	prigmore	8	2	0.0	not-in-dict
3123	-2.2	prihoda	7	3	0.0	not-in-dict
3124	-2.2	primeaux	8	2	0.0	not-in-dict
3125	-2.2	primeco	7	2	0.0	not-in-dict
3126	-2.2	prindl	6	2	0.0	not-in-dict
3127	-2.2	prinkey	7	2	0.0	not-in-dict
3128	-2.2	prinos	6	2	0.0	not-in-dict
3129	-2.2	prinsen	7	2	0.0	not-in-dict
3130	-2.2	printon	7	2	0.0	not-in-dict
3131	-2.2	printup	7	2	0.0	not-in-dict
3132	-2.2	printy	6	2	0.0	not-in-dict
3133	-2.2	priola	6	3	0.0	not-in-dict
3134	-2.2	prisburg	8	2	0.0	not-in-dict
3135	-2.2	prissie	7	2	0.0	not-in-dict
3136	-2.2	pritz	5	1	0.0	not-in-dict
3137	-2.2	pritzl	6	2	0.0	not-in-dict
3138	-2.2	privette	8	2	0.0	not-in-dict
3139	-2.2	privott	7	2	0.0	not-in-dict
3140	-2.2	priyam	6	2	0.0	not-in-dict
3141	-2.2	prizant	7	2	0.0	not-in-dict
3142	-2.2	probursa	8	3	0.0	not-in-dict
3143	-2.2	procell	7	2	0.0	not-in-dict
3144	-2.2	proch	5	1	0.0	not-in-dict
3145	-2.2	prockter	8	2	0.0	not-in-dict
3146	-2.2	procyte	7	2	0.0	not-in-dict
3147	-2.2	prody	5	2	0.0	not-in-dict
3148	-2.2	proia	5	2	0.0	not-in-dict
3149	-2.2	proler	6	2	0.0	not-in-dict
3150	-2.2	promster	8	2	0.0	not-in-dict
3151	-2.2	promus	6	2	0.0	not-in-dict
3152	-2.2	propfan	7	2	0.0	not-in-dict
3153	-2.2	prorok	6	2	0.0	not-in-dict
3154	-2.2	proscia	7	2	0.0	not-in-dict
3155	-2.2	prosek	6	2	0.0	not-in-dict
3156	-2.2	prosekey	8	3	0.0	not-in-dict
3157	-2.2	proserv	7	2	0.0	not-in-dict
3158	-2.2	proshare	8	2	0.0	not-in-dict
3159	-2.2	proske	6	1	0.0	not-in-dict
3160	-2.2	prosorba	8	3	0.0	not-in-dict
3161	-2.2	protigal	8	3	0.0	not-in-dict
3162	-2.2	protz	5	1	0.0	not-in-dict
3163	-2.2	protzman	8	2	0.0	not-in-dict
3164	-2.2	proudfit	8	2	0.0	not-in-dict
3165	-2.2	prough	6	1	0.0	not-in-dict
3166	-2.2	provance	8	2	0.0	not-in-dict
3167	-2.2	provant	7	2	0.0	not-in-dict
3168	-2.2	provigo	7	3	0.0	not-in-dict
3169	-2.2	provote	7	2	0.0	not-in-dict
3170	-2.2	provus	6	2	0.0	not-in-dict
3171	-2.2	prowant	7	2	0.0	not-in-dict
3172	-2.2	prowell	7	2	0.0	not-in-dict
3173	-2.2	prucha	6	2	0.0	not-in-dict
3174	-2.2	prudency	8	3	0.0	not-in-dict
3175	-2.2	prudit	6	2	0.0	not-in-dict
3176	-2.2	prueter	7	2	0.0	not-in-dict
3177	-2.2	pruette	7	2	0.0	not-in-dict
3178	-2.2	pruiett	7	2	0.0	not-in-dict
3179	-2.2	pruneau	7	2	0.0	not-in-dict
3180	-2.2	pruneda	7	3	0.0	not-in-dict
3181	-2.2	prusak	6	2	0.0	not-in-dict
3182	-2.2	prusha	6	2	0.0	not-in-dict
3183	-2.2	pruski	6	2	0.0	not-in-dict
3184	-2.2	prussak	7	2	0.0	not-in-dict
3185	-2.2	prutzman	8	2	0.0	not-in-dict
3186	-2.2	przybyl	7	3	0.0	not-in-dict
3187	-2.2	przybysz	8	3	0.0	not-in-dict
3188	-2.2	psencik	7	2	0.0	not-in-dict
3189	-2.2	pshew	5	1	0.0	not-in-dict
3190	-2.2	ptovsky	7	3	0.0	not-in-dict
3191	-2.2	ptyon	5	2	0.0	not-in-dict
3192	-2.2	puat	4	2	0.0	not-in-dict
3193	-2.2	pubco	5	2	0.0	not-in-dict
3194	-2.2	puche	5	1	0.0	not-in-dict
3195	-2.2	pucillo	7	3	0.0	not-in-dict
3196	-2.2	puder	5	2	0.0	not-in-dict
3197	-2.2	pudgie	6	2	0.0	not-in-dict
3198	-2.2	pudlo	5	2	0.0	not-in-dict
3199	-2.2	pudwill	7	2	0.0	not-in-dict
3200	-2.2	puett	5	1	0.0	not-in-dict
3201	-2.2	puetz	5	1	0.0	not-in-dict
3202	-2.2	pufahl	6	2	0.0	not-in-dict
3203	-2.2	puipoe	6	2	0.0	not-in-dict
3204	-2.2	pulcini	7	3	0.0	not-in-dict
3205	-2.2	pulice	6	2	0.0	not-in-dict
3206	-2.2	pullam	6	2	0.0	not-in-dict
3207	-2.2	pullano	7	3	0.0	not-in-dict
3208	-2.2	pullara	7	3	0.0	not-in-dict
3209	-2.2	pulos	5	2	0.0	not-in-dict
3210	-2.2	pultz	5	1	0.0	not-in-dict
3211	-2.2	puming	6	2	0.0	not-in-dict
3212	-2.2	pummill	7	2	0.0	not-in-dict
3213	-2.2	pumsie	6	2	0.0	not-in-dict
3214	-2.2	pundt	5	1	0.0	not-in-dict
3215	-2.2	punsalan	8	3	0.0	not-in-dict
3216	-2.2	purdham	7	2	0.0	not-in-dict
3217	-2.2	purdin	6	2	0.0	not-in-dict
3218	-2.2	purgason	8	3	0.0	not-in-dict
3219	-2.2	purile	6	2	0.0	not-in-dict
3220	-2.2	puristic	8	3	0.0	not-in-dict
3221	-2.2	purk	4	1	0.0	not-in-dict
3222	-2.2	purpa	5	2	0.0	not-in-dict
3223	-2.2	pursel	6	2	0.0	not-in-dict
3224	-2.2	pursueth	8	3	0.0	not-in-dict
3225	-2.2	purtee	6	2	0.0	not-in-dict
3226	-2.2	purtle	6	2	0.0	not-in-dict
3227	-2.2	purvin	6	2	0.0	not-in-dict
3228	-2.2	pusant	6	2	0.0	not-in-dict
3229	-2.2	puttable	8	3	0.0	not-in-dict
3230	-2.2	putzier	7	3	0.0	not-in-dict
3231	-2.2	puusepp	7	2	0.0	not-in-dict
3232	-2.2	puza	4	2	0.0	not-in-dict
3233	-2.2	puzio	5	3	0.0	not-in-dict
3234	-2.2	puzzo	5	2	0.0	not-in-dict
3235	-2.2	pyburn	6	2	0.0	not-in-dict
3236	-2.2	pyhrric	7	2	0.0	not-in-dict
3237	-2.2	pyrena	6	3	0.0	not-in-dict
3238	-2.21	pontiacs	8	3	1.49	not-in-dict,inflected
3239	-2.21	proffering	10	3	1.79	not-in-dict,inflected
3240	-2.22	picketers	9	3	1.78	not-in-dict,inflected
3241	-2.23	pawnees	7	2	1.47	not-in-dict,inflected
3242	-2.23	picher	6	2	1.47	not-in-dict,inflected
3243	-2.23	puris	5	2	1.47	not-in-dict,inflected
3244	-2.24	peregrines	10	3	1.76	not-in-dict,inflected
3245	-2.24	pfennigs	8	2	1.46	not-in-dict,inflected
3246	-2.24	platzer	7	2	1.46	not-in-dict,inflected
3247	-2.24	presaging	9	3	1.76	not-in-dict,inflected
3248	-2.25	peets	5	1	1.45	not-in-dict,inflected
3249	-2.25	peruses	7	3	1.45	not-in-dict,inflected
3250	-2.25	powderly	8	3	1.45	not-in-dict,inflected
3251	-2.26	peltzer	7	2	1.44	not-in-dict,inflected
3252	-2.26	perturbs	8	2	1.44	not-in-dict,inflected
3253	-2.26	psalters	8	2	1.44	not-in-dict,inflected
3254	-2.26	purebreds	9	2	1.74	not-in-dict,inflected
3255	-2.27	pagels	6	2	1.43	not-in-dict,inflected
3256	-2.28	plumages	8	3	1.42	not-in-dict,inflected
3257	-2.3	preceeding	10	3	1.7	not-in-dict,inflected
3258	-2.31	penders	7	2	1.39	not-in-dict,inflected
3259	-2.31	prisoned	8	2	1.39	not-in-dict,inflected
3260	-2.32	parras	6	2	1.38	not-in-dict,inflected
3261	-2.33	pillages	8	3	1.37	not-in-dict,inflected
3262	-2.33	poultices	9	3	1.67	not-in-dict,inflected
3263	-2.34	pharoahs	8	2	1.36	not-in-dict,inflected
3264	-2.34	preiser	7	2	1.36	not-in-dict,inflected
3265	-2.35	pennings	8	2	1.35	not-in-dict,inflected
3266	-2.35	perras	6	2	1.35	not-in-dict,inflected
3267	-2.35	plateauing	10	3	1.65	not-in-dict,inflected
3268	-2.35	pricer	6	2	1.35	not-in-dict,inflected
3269	-2.35	prows	5	1	1.35	not-in-dict,inflected
3270	-2.35	pullouts	8	2	1.35	not-in-dict,inflected
3271	-2.35	purveyed	8	2	1.35	not-in-dict,inflected
3272	-2.35	putdowns	8	2	1.35	not-in-dict,inflected
3273	-2.36	prattles	8	2	1.34	not-in-dict,inflected
3274	-2.37	platonists	10	3	1.63	not-in-dict,inflected
3275	-2.38	perjuring	9	3	1.62	not-in-dict,inflected
3276	-2.38	piner	5	2	1.32	not-in-dict,inflected
3277	-2.38	pipkins	7	2	1.32	not-in-dict,inflected
3278	-2.38	pluralized	10	3	1.62	not-in-dict,inflected
3279	-2.39	pusses	6	2	1.31	not-in-dict,inflected
3280	-2.4	pastiches	9	3	1.6	not-in-dict,inflected
3281	-2.4	pratfalls	9	2	1.6	not-in-dict,inflected
3282	-2.4	prejudged	9	2	1.6	not-in-dict,inflected
3283	-2.4	pullbacks	9	2	1.6	not-in-dict,inflected
3284	-2.41	pedros	6	2	1.29	not-in-dict,inflected
3285	-2.41	polites	7	2	1.29	not-in-dict,inflected
3286	-2.42	postdated	9	3	1.58	not-in-dict,inflected
3287	-2.43	pocks	5	1	1.27	not-in-dict,inflected
3288	-2.45	pattered	8	2	1.25	not-in-dict,inflected
3289	-2.45	posteriors	10	3	1.55	not-in-dict,inflected
3290	-2.46	preyer	6	2	1.24	not-in-dict,inflected
3291	-2.47	patons	6	2	1.23	not-in-dict,inflected
3292	-2.47	persinger	9	3	1.53	not-in-dict,inflected
3293	-2.47	proscribes	10	2	1.53	not-in-dict,inflected
3294	-2.49	paller	6	2	1.21	not-in-dict,inflected
3295	-2.49	picas	5	2	1.21	not-in-dict,inflected
3296	-2.49	prier	5	2	1.21	not-in-dict,inflected
3297	-2.5	pagenkopf	9	3	0.0	not-in-dict
3298	-2.5	palleschi	9	3	0.0	not-in-dict
3299	-2.5	palmateer	9	3	0.0	not-in-dict
3300	-2.5	papermate	9	3	0.0	not-in-dict
3301	-2.5	papernick	9	3	0.0	not-in-dict
3302	-2.5	parcplace	9	2	0.0	not-in-dict
3303	-2.5	pattis	6	2	1.2	not-in-dict,inflected
3304	-2.5	paulhamus	9	3	0.0	not-in-dict
3305	-2.5	pawlowicz	9	3	0.0	not-in-dict
3306	-2.5	paysinger	9	3	0.0	not-in-dict
3307	-2.5	peaudouce	9	2	0.0	not-in-dict
3308	-2.5	peddicord	9	3	0.0	not-in-dict
3309	-2.5	peggs	5	1	1.2	not-in-dict,inflected
3310	-2.5	pellicane	9	3	0.0	not-in-dict
3311	-2.5	pengassan	9	3	0.0	not-in-dict
3312	-2.5	pensinger	9	3	0.0	not-in-dict
3313	-2.5	peplinski	9	3	0.0	not-in-dict
3314	-2.5	pepperman	9	3	0.0	not-in-dict
3315	-2.5	peppler	7	2	1.2	not-in-dict,inflected
3316	-2.5	pequignot	9	3	0.0	not-in-dict
3317	-2.5	perkovich	9	3	0.0	not-in-dict
3318	-2.5	perkowski	9	3	0.0	not-in-dict
3319	-2.5	permenter	9	3	0.0	not-in-dict
3320	-2.5	pertschuk	9	2	0.0	not-in-dict
3321	-2.5	peterpaul	9	3	0.0	not-in-dict
3322	-2.5	petkovsek	9	3	0.0	not-in-dict
3323	-2.5	petraitis	9	3	0.0	not-in-dict
3324	-2.5	petrauskas	10	3	0.0	not-in-dict
3325	-2.5	petrocorp	9	3	0.0	not-in-dict
3326	-2.5	petrolane	9	3	0.0	not-in-dict
3327	-2.5	petrolear	9	3	0.0	not-in-dict
3328	-2.5	petrowski	9	3	0.0	not-in-dict
3329	-2.5	petrowsky	9	3	0.0	not-in-dict
3330	-2.5	petzinger	9	3	0.0	not-in-dict
3331	-2.5	pevehouse	9	2	0.0	not-in-dict
3332	-2.5	pezeshkan	9	3	0.0	not-in-dict
3333	-2.5	pfalzgraf	9	2	0.0	not-in-dict
3334	-2.5	pfefferle	9	3	0.0	not-in-dict
3335	-2.5	pfluger	7	2	1.2	not-in-dict,inflected
3336	-2.5	pfundstein	10	2	0.0	not-in-dict
3337	-2.5	philantha	9	3	0.0	not-in-dict
3338	-2.5	philberta	9	3	0.0	not-in-dict
3339	-2.5	philhower	9	3	0.0	not-in-dict
3340	-2.5	phillabaum	10	3	0.0	not-in-dict
3341	-2.5	phonemate	9	2	0.0	not-in-dict
3342	-2.5	phototron	9	3	0.0	not-in-dict
3343	-2.5	photronic	9	3	0.0	not-in-dict
3344	-2.5	pickerill	9	3	0.0	not-in-dict
3345	-2.5	pickworth	9	2	0.0	not-in-dict
3346	-2.5	picturetel	10	3	0.0	not-in-dict
3347	-2.5	piechocki	9	3	0.0	not-in-dict
3348	-2.5	piechowski	10	3	0.0	not-in-dict
3349	-2.5	pieczynski	10	3	0.0	not-in-dict
3350	-2.5	piedboeuf	9	2	0.0	not-in-dict
3351	-2.5	piekarski	9	3	0.0	not-in-dict
3352	-2.5	pierceall	9	2	0.0	not-in-dict
3353	-2.5	pietrowski	10	3	0.0	not-in-dict
3354	-2.5	pietruszka	10	3	0.0	not-in-dict
3355	-2.5	pilkenton	9	3	0.0	not-in-dict
3356	-2.5	pilkerton	9	3	0.0	not-in-dict
3357	-2.5	pilkinton	9	3	0.0	not-in-dict
3358	-2.5	pillowtex	9	3	0.0	not-in-dict
3359	-2.5	pimplapure	10	3	0.0	not-in-dict
3360	-2.5	pincavage	9	3	0.0	not-in-dict
3361	-2.5	pincerlike	10	3	0.0	not-in-dict
3362	-2.5	pinkelman	9	3	0.0	not-in-dict
3363	-2.5	pinkerman	9	3	0.0	not-in-dict
3364	-2.5	pinkowski	9	3	0.0	not-in-dict
3365	-2.5	pinkstaff	9	2	0.0	not-in-dict
3366	-2.5	pinkwater	9	3	0.0	not-in-dict
3367	-2.5	pinquater	9	3	0.0	not-in-dict
3368	-2.5	pippenger	9	3	0.0	not-in-dict
3369	-2.5	pizzazier	9	3	0.0	not-in-dict
3370	-2.5	planitzer	9	3	0.0	not-in-dict
3371	-2.5	plantiffs	9	2	0.0	not-in-dict
3372	-2.5	plantlike	9	2	0.0	not-in-dict
3373	-2.5	plantronic	10	3	0.0	not-in-dict
3374	-2.5	playcount	9	2	0.0	not-in-dict
3375	-2.5	plessinger	10	3	0.0	not-in-dict
3376	-2.5	pletscher	9	2	0.0	not-in-dict
3377	-2.5	pleuritis	9	3	0.0	not-in-dict
3378	-2.5	plucinski	9	3	0.0	not-in-dict
3379	-2.5	podgorski	9	3	0.0	not-in-dict
3380	-2.5	podgurski	9	3	0.0	not-in-dict
3381	-2.5	poorbaugh	9	2	0.0	not-in-dict
3382	-2.5	portculis	9	3	0.0	not-in-dict
3383	-2.5	postcrash	9	2	0.0	not-in-dict
3384	-2.5	posterize	9	3	0.0	not-in-dict
3385	-2.5	postlewait	10	3	0.0	not-in-dict
3386	-2.5	postrelle	9	2	0.0	not-in-dict
3387	-2.5	pottebaum	9	2	0.0	not-in-dict
3388	-2.5	potteiger	9	3	0.0	not-in-dict
3389	-2.5	potthurst	9	2	0.0	not-in-dict
3390	-2.5	poussaint	9	2	0.0	not-in-dict
3391	-2.5	powercise	9	2	0.0	not-in-dict
3392	-2.5	powersoft	9	3	0.0	not-in-dict
3393	-2.5	prattled	8	2	1.2	not-in-dict,inflected
3394	-2.5	prellwitz	9	2	0.0	not-in-dict
3395	-2.5	prentnieks	10	3	0.0	not-in-dict
3396	-2.5	prepackage	10	3	0.0	not-in-dict
3397	-2.5	pressnell	9	2	0.0	not-in-dict
3398	-2.5	presswood	9	2	0.0	not-in-dict
3399	-2.5	prestidge	9	2	0.0	not-in-dict
3400	-2.5	prestowitz	10	3	0.0	not-in-dict
3401	-2.5	prestridge	10	2	0.0	not-in-dict
3402	-2.5	prillaman	9	3	0.0	not-in-dict
3403	-2.5	primebank	9	2	0.0	not-in-dict
3404	-2.5	primenews	9	2	0.0	not-in-dict
3405	-2.5	primestar	9	2	0.0	not-in-dict
3406	-2.5	proleukin	9	3	0.0	not-in-dict
3407	-2.5	prothallus	10	3	0.0	not-in-dict
3408	-2.5	proventus	9	3	0.0	not-in-dict
3409	-2.5	prunedale	9	2	0.0	not-in-dict
3410	-2.5	prunskiene	10	2	0.0	not-in-dict
3411	-2.5	prusinski	9	3	0.0	not-in-dict
3412	-2.5	przybocki	9	3	0.0	not-in-dict
3413	-2.5	publicker	9	3	0.0	not-in-dict
3414	-2.5	publitech	9	3	0.0	not-in-dict
3415	-2.5	puchalski	9	3	0.0	not-in-dict
3416	-2.5	pulkrabek	9	3	0.0	not-in-dict
3417	-2.5	pulmazyme	9	3	0.0	not-in-dict
3418	-2.5	pulmozyme	9	3	0.0	not-in-dict
3419	-2.5	purington	9	3	0.0	not-in-dict
3420	-2.5	pursifull	9	3	0.0	not-in-dict
3421	-2.5	puskarich	9	3	0.0	not-in-dict
3422	-2.5	puttenbay	9	3	0.0	not-in-dict
3423	-2.51	pillagers	9	3	1.49	not-in-dict,inflected
3424	-2.51	postholes	9	2	1.49	not-in-dict,inflected
3425	-2.52	perses	6	2	1.18	not-in-dict,inflected
3426	-2.53	prepaying	9	3	1.47	not-in-dict,inflected
3427	-2.54	parcher	7	2	1.16	not-in-dict,inflected
3428	-2.54	pikers	6	2	1.16	not-in-dict,inflected
3429	-2.55	paroling	8	3	1.15	not-in-dict,inflected
3430	-2.57	pilfers	7	2	1.13	not-in-dict,inflected
3431	-2.58	parlaying	9	3	1.42	not-in-dict,inflected
3432	-2.59	perfuming	9	3	1.41	not-in-dict,inflected
3433	-2.59	portending	10	3	1.41	not-in-dict,inflected
3434	-2.59	purveying	9	3	1.41	not-in-dict,inflected
3435	-2.6	playpens	8	2	1.1	not-in-dict,inflected
3436	-2.61	pompons	7	2	1.09	not-in-dict,inflected
3437	-2.62	pricings	8	2	1.08	not-in-dict,inflected
3438	-2.63	pentiums	8	3	1.07	not-in-dict,inflected
3439	-2.63	preceeds	8	2	1.07	not-in-dict,inflected
3440	-2.64	petties	7	2	1.06	not-in-dict,inflected
3441	-2.65	pasing	6	2	1.05	not-in-dict,inflected
3442	-2.65	piddles	7	2	1.05	not-in-dict,inflected
3443	-2.66	peakes	6	1	1.04	not-in-dict,inflected
3444	-2.66	pollinates	10	3	1.34	not-in-dict,inflected
3445	-2.66	putes	5	1	1.04	not-in-dict,inflected
3446	-2.68	poucher	7	2	1.02	not-in-dict,inflected
3447	-2.68	pynes	5	1	1.02	not-in-dict,inflected
3448	-2.69	peronists	9	3	1.31	not-in-dict,inflected
3449	-2.69	postdates	9	2	1.31	not-in-dict,inflected
3450	-2.7	passbooks	9	2	1.3	not-in-dict,inflected
3451	-2.83	pettinger	9	3	1.17	not-in-dict,inflected
3452	-2.87	preferreds	10	3	1.13	not-in-dict,inflected
3453	-2.9	potboilers	10	3	1.1	not-in-dict,inflected
3454	-2.92	posturings	10	3	1.08	not-in-dict,inflected
3455	-2.93	protectees	10	3	1.07	not-in-dict,inflected
3456	-2.96	pittinger	9	3	1.04	not-in-dict,inflected
3457	-2.96	postdating	10	3	1.04	not-in-dict,inflected
3458	-3.7	palmists	8	2	0.0	not-in-dict,inflected
3459	-3.7	pamer	5	2	0.0	not-in-dict,inflected
3460	-3.7	panfuls	7	2	0.0	not-in-dict,inflected
3461	-3.7	patuxets	8	3	0.0	not-in-dict,inflected
3462	-3.7	paules	6	1	0.0	not-in-dict,inflected
3463	-3.7	paysops	7	2	0.0	not-in-dict,inflected
3464	-3.7	peacher	7	2	0.0	not-in-dict,inflected
3465	-3.7	pealer	6	2	0.0	not-in-dict,inflected
3466	-3.7	peras	5	2	0.0	not-in-dict,inflected
3467	-3.7	perjures	8	2	0.0	not-in-dict,inflected
3468	-3.7	perots	6	2	0.0	not-in-dict,inflected
3469	-3.7	persing	7	2	0.0	not-in-dict,inflected
3470	-3.7	petroles	8	2	0.0	not-in-dict,inflected
3471	-3.7	petteys	7	2	0.0	not-in-dict,inflected
3472	-3.7	picketer	8	3	0.0	not-in-dict,inflected
3473	-3.7	pigskins	8	2	0.0	not-in-dict,inflected
3474	-3.7	pipetter	8	3	0.0	not-in-dict,inflected
3475	-3.7	placetas	8	3	0.0	not-in-dict,inflected
3476	-3.7	pleiads	7	2	0.0	not-in-dict,inflected
3477	-3.7	plocher	7	2	0.0	not-in-dict,inflected
3478	-3.7	plotts	6	1	0.0	not-in-dict,inflected
3479	-3.7	plunkers	8	2	0.0	not-in-dict,inflected
3480	-3.7	pomper	6	2	0.0	not-in-dict,inflected
3481	-3.7	poplins	7	2	0.0	not-in-dict,inflected
3482	-3.7	posners	7	2	0.0	not-in-dict,inflected
3483	-3.7	potpies	7	2	0.0	not-in-dict,inflected
3484	-3.7	pozos	5	2	0.0	not-in-dict,inflected
3485	-3.7	pranger	7	2	0.0	not-in-dict,inflected
3486	-3.7	prechter	8	2	0.0	not-in-dict,inflected
3487	-3.7	preusser	8	2	0.0	not-in-dict,inflected
3488	-3.7	pritts	6	1	0.0	not-in-dict,inflected
3489	-3.7	propes	6	1	0.0	not-in-dict,inflected
3490	-3.7	propps	6	1	0.0	not-in-dict,inflected
3491	-3.7	pruer	5	2	0.0	not-in-dict,inflected
3492	-3.7	pudgies	7	2	0.0	not-in-dict,inflected
3493	-3.7	pughs	5	1	0.0	not-in-dict,inflected
3494	-3.7	pullins	7	2	0.0	not-in-dict,inflected
3495	-3.7	purveys	7	2	0.0	not-in-dict,inflected
3496	-4.0	panelized	9	3	0.0	not-in-dict,inflected
3497	-4.0	parrishes	9	3	0.0	not-in-dict,inflected
3498	-4.0	pegboards	9	2	0.0	not-in-dict,inflected
3499	-4.0	penninger	9	3	0.0	not-in-dict,inflected
3500	-4.0	permutates	10	3	0.0	not-in-dict,inflected
3501	-4.0	pershings	9	2	0.0	not-in-dict,inflected
3502	-4.0	personics	9	3	0.0	not-in-dict,inflected
3503	-4.0	pfenninger	10	3	0.0	not-in-dict,inflected
3504	-4.0	pfisterer	9	3	0.0	not-in-dict,inflected
3505	-4.0	photronics	10	3	0.0	not-in-dict,inflected
3506	-4.0	pipefishes	10	3	0.0	not-in-dict,inflected
3507	-4.0	pipetters	9	3	0.0	not-in-dict,inflected
3508	-4.0	pointingly	10	3	0.0	not-in-dict,inflected
3509	-4.0	pollinger	9	3	0.0	not-in-dict,inflected
3510	-4.0	potpourris	10	3	0.0	not-in-dict,inflected
3511	-4.0	preexists	9	3	0.0	not-in-dict,inflected
3512	-4.0	presswoods	10	2	0.0	not-in-dict,inflected
3513	-4.0	preyistas	9	3	0.0	not-in-dict,inflected
3514	-4.0	pritzkers	9	2	0.0	not-in-dict,inflected
3515	-4.0	procreates	10	3	0.0	not-in-dict,inflected
3516	-4.0	promsters	9	2	0.0	not-in-dict,inflected
3517	-4.0	ptomaines	9	2	0.0	not-in-dict,inflected
3518	-4.0	pussyfoots	10	3	0.0	not-in-dict,inflected
